{
"type": "FeatureCollection",
"name": "fotos",
"crs": { "type": "name", "properties": { "name": "urn:ogc:def:crs:OGC:1.3:CRS84" } },
"features": [
{ "type": "Feature", "properties": { "index": 0, "faixa_img": 0, "numero_img": 21, "nome_img": "MULTICAPTURA_5820_000021", "time_img": 1745427103, "long_img": -50.206458333333337, "lat_img": -29.982316666666666, "ele_img": 18.3 }, "geometry": { "type": "Point", "coordinates": [ -50.206458333333337, -29.982316666666666 ] } },
{ "type": "Feature", "properties": { "index": 1, "faixa_img": 0, "numero_img": 22, "nome_img": "MULTICAPTURA_5820_000022", "time_img": 1745427105, "long_img": -50.206547222222227, "lat_img": -29.982383055555555, "ele_img": 18.0 }, "geometry": { "type": "Point", "coordinates": [ -50.206547222222227, -29.982383055555555 ] } },
{ "type": "Feature", "properties": { "index": 2, "faixa_img": 0, "numero_img": 23, "nome_img": "MULTICAPTURA_5820_000023", "time_img": 1745427107, "long_img": -50.206669444444451, "lat_img": -29.982466388888888, "ele_img": 17.9 }, "geometry": { "type": "Point", "coordinates": [ -50.206669444444451, -29.982466388888888 ] } },
{ "type": "Feature", "properties": { "index": 3, "faixa_img": 0, "numero_img": 24, "nome_img": "MULTICAPTURA_5820_000024", "time_img": 1745427109, "long_img": -50.206783333333334, "lat_img": -29.982533333333333, "ele_img": 17.9 }, "geometry": { "type": "Point", "coordinates": [ -50.206783333333334, -29.982533333333333 ] } },
{ "type": "Feature", "properties": { "index": 4, "faixa_img": 0, "numero_img": 25, "nome_img": "MULTICAPTURA_5820_000025", "time_img": 1745427111, "long_img": -50.206916666666672, "lat_img": -29.982610833333332, "ele_img": 17.7 }, "geometry": { "type": "Point", "coordinates": [ -50.206916666666672, -29.982610833333332 ] } },
{ "type": "Feature", "properties": { "index": 5, "faixa_img": 0, "numero_img": 26, "nome_img": "MULTICAPTURA_5820_000026", "time_img": 1745427113, "long_img": -50.20705, "lat_img": -29.982691388888888, "ele_img": 17.7 }, "geometry": { "type": "Point", "coordinates": [ -50.20705, -29.982691388888888 ] } },
{ "type": "Feature", "properties": { "index": 6, "faixa_img": 0, "numero_img": 27, "nome_img": "MULTICAPTURA_5820_000027", "time_img": 1745427115, "long_img": -50.207202777777781, "lat_img": -29.982783055555554, "ele_img": 17.8 }, "geometry": { "type": "Point", "coordinates": [ -50.207202777777781, -29.982783055555554 ] } },
{ "type": "Feature", "properties": { "index": 7, "faixa_img": 0, "numero_img": 28, "nome_img": "MULTICAPTURA_5820_000028", "time_img": 1745427117, "long_img": -50.207327777777778, "lat_img": -29.98288611111111, "ele_img": 17.4 }, "geometry": { "type": "Point", "coordinates": [ -50.207327777777778, -29.98288611111111 ] } },
{ "type": "Feature", "properties": { "index": 8, "faixa_img": 0, "numero_img": 29, "nome_img": "MULTICAPTURA_5820_000029", "time_img": 1745427119, "long_img": -50.207452777777782, "lat_img": -29.982980277777777, "ele_img": 17.4 }, "geometry": { "type": "Point", "coordinates": [ -50.207452777777782, -29.982980277777777 ] } },
{ "type": "Feature", "properties": { "index": 9, "faixa_img": 0, "numero_img": 30, "nome_img": "MULTICAPTURA_5820_000030", "time_img": 1745427121, "long_img": -50.207588888888893, "lat_img": -29.983096944444444, "ele_img": 17.1 }, "geometry": { "type": "Point", "coordinates": [ -50.207588888888893, -29.983096944444444 ] } },
{ "type": "Feature", "properties": { "index": 10, "faixa_img": 0, "numero_img": 31, "nome_img": "MULTICAPTURA_5820_000031", "time_img": 1745427123, "long_img": -50.207705555555556, "lat_img": -29.98321111111111, "ele_img": 17.1 }, "geometry": { "type": "Point", "coordinates": [ -50.207705555555556, -29.98321111111111 ] } },
{ "type": "Feature", "properties": { "index": 11, "faixa_img": 0, "numero_img": 32, "nome_img": "MULTICAPTURA_5820_000032", "time_img": 1745427125, "long_img": -50.20783055555556, "lat_img": -29.983338888888891, "ele_img": 16.6 }, "geometry": { "type": "Point", "coordinates": [ -50.20783055555556, -29.983338888888891 ] } },
{ "type": "Feature", "properties": { "index": 12, "faixa_img": 0, "numero_img": 33, "nome_img": "MULTICAPTURA_5820_000033", "time_img": 1745427127, "long_img": -50.207961111111111, "lat_img": -29.983472222222222, "ele_img": 16.3 }, "geometry": { "type": "Point", "coordinates": [ -50.207961111111111, -29.983472222222222 ] } },
{ "type": "Feature", "properties": { "index": 13, "faixa_img": 0, "numero_img": 34, "nome_img": "MULTICAPTURA_5820_000034", "time_img": 1745427129, "long_img": -50.208083333333335, "lat_img": -29.983594444444446, "ele_img": 14.5 }, "geometry": { "type": "Point", "coordinates": [ -50.208083333333335, -29.983594444444446 ] } },
{ "type": "Feature", "properties": { "index": 14, "faixa_img": 0, "numero_img": 35, "nome_img": "MULTICAPTURA_5820_000035", "time_img": 1745427131, "long_img": -50.208205555555558, "lat_img": -29.983716666666666, "ele_img": 14.7 }, "geometry": { "type": "Point", "coordinates": [ -50.208205555555558, -29.983716666666666 ] } },
{ "type": "Feature", "properties": { "index": 15, "faixa_img": 0, "numero_img": 36, "nome_img": "MULTICAPTURA_5820_000036", "time_img": 1745427133, "long_img": -50.208322222222222, "lat_img": -29.983833333333333, "ele_img": 14.8 }, "geometry": { "type": "Point", "coordinates": [ -50.208322222222222, -29.983833333333333 ] } },
{ "type": "Feature", "properties": { "index": 16, "faixa_img": 0, "numero_img": 37, "nome_img": "MULTICAPTURA_5820_000037", "time_img": 1745427135, "long_img": -50.208461111111113, "lat_img": -29.983977777777778, "ele_img": 14.7 }, "geometry": { "type": "Point", "coordinates": [ -50.208461111111113, -29.983977777777778 ] } },
{ "type": "Feature", "properties": { "index": 17, "faixa_img": 0, "numero_img": 38, "nome_img": "MULTICAPTURA_5820_000038", "time_img": 1745427137, "long_img": -50.208575, "lat_img": -29.984097222222225, "ele_img": 15.1 }, "geometry": { "type": "Point", "coordinates": [ -50.208575, -29.984097222222225 ] } },
{ "type": "Feature", "properties": { "index": 18, "faixa_img": 0, "numero_img": 39, "nome_img": "MULTICAPTURA_5820_000039", "time_img": 1745427139, "long_img": -50.208705555555561, "lat_img": -29.984230555555555, "ele_img": 15.3 }, "geometry": { "type": "Point", "coordinates": [ -50.208705555555561, -29.984230555555555 ] } },
{ "type": "Feature", "properties": { "index": 19, "faixa_img": 0, "numero_img": 40, "nome_img": "MULTICAPTURA_5820_000040", "time_img": 1745427141, "long_img": -50.208838888888891, "lat_img": -29.984366666666666, "ele_img": 14.7 }, "geometry": { "type": "Point", "coordinates": [ -50.208838888888891, -29.984366666666666 ] } },
{ "type": "Feature", "properties": { "index": 20, "faixa_img": 0, "numero_img": 41, "nome_img": "MULTICAPTURA_5820_000041", "time_img": 1745427143, "long_img": -50.208969444444449, "lat_img": -29.984502777777777, "ele_img": 15.3 }, "geometry": { "type": "Point", "coordinates": [ -50.208969444444449, -29.984502777777777 ] } },
{ "type": "Feature", "properties": { "index": 21, "faixa_img": 0, "numero_img": 42, "nome_img": "MULTICAPTURA_5820_000042", "time_img": 1745427145, "long_img": -50.209097222222226, "lat_img": -29.984630555555558, "ele_img": 15.2 }, "geometry": { "type": "Point", "coordinates": [ -50.209097222222226, -29.984630555555558 ] } },
{ "type": "Feature", "properties": { "index": 22, "faixa_img": 0, "numero_img": 43, "nome_img": "MULTICAPTURA_5820_000043", "time_img": 1745427147, "long_img": -50.209227777777784, "lat_img": -29.984741666666668, "ele_img": 15.4 }, "geometry": { "type": "Point", "coordinates": [ -50.209227777777784, -29.984741666666668 ] } },
{ "type": "Feature", "properties": { "index": 23, "faixa_img": 0, "numero_img": 44, "nome_img": "MULTICAPTURA_5820_000044", "time_img": 1745427149, "long_img": -50.209397222222222, "lat_img": -29.984833333333334, "ele_img": 15.2 }, "geometry": { "type": "Point", "coordinates": [ -50.209397222222222, -29.984833333333334 ] } },
{ "type": "Feature", "properties": { "index": 24, "faixa_img": 0, "numero_img": 45, "nome_img": "MULTICAPTURA_5820_000045", "time_img": 1745427151, "long_img": -50.209569444444448, "lat_img": -29.984872222222222, "ele_img": 15.0 }, "geometry": { "type": "Point", "coordinates": [ -50.209569444444448, -29.984872222222222 ] } },
{ "type": "Feature", "properties": { "index": 25, "faixa_img": 0, "numero_img": 46, "nome_img": "MULTICAPTURA_5820_000046", "time_img": 1745427153, "long_img": -50.209744444444446, "lat_img": -29.984861111111112, "ele_img": 14.9 }, "geometry": { "type": "Point", "coordinates": [ -50.209744444444446, -29.984861111111112 ] } },
{ "type": "Feature", "properties": { "index": 26, "faixa_img": 0, "numero_img": 47, "nome_img": "MULTICAPTURA_5820_000047", "time_img": 1745427155, "long_img": -50.209927777777779, "lat_img": -29.9848, "ele_img": 14.2 }, "geometry": { "type": "Point", "coordinates": [ -50.209927777777779, -29.9848 ] } },
{ "type": "Feature", "properties": { "index": 27, "faixa_img": 0, "numero_img": 48, "nome_img": "MULTICAPTURA_5820_000048", "time_img": 1745427157, "long_img": -50.21008888888889, "lat_img": -29.984694444444447, "ele_img": 14.4 }, "geometry": { "type": "Point", "coordinates": [ -50.21008888888889, -29.984694444444447 ] } },
{ "type": "Feature", "properties": { "index": 28, "faixa_img": 0, "numero_img": 49, "nome_img": "MULTICAPTURA_5820_000049", "time_img": 1745427159, "long_img": -50.210241666666668, "lat_img": -29.984586111111113, "ele_img": 14.2 }, "geometry": { "type": "Point", "coordinates": [ -50.210241666666668, -29.984586111111113 ] } },
{ "type": "Feature", "properties": { "index": 29, "faixa_img": 0, "numero_img": 50, "nome_img": "MULTICAPTURA_5820_000050", "time_img": 1745427161, "long_img": -50.21038055555556, "lat_img": -29.984480555555557, "ele_img": 13.9 }, "geometry": { "type": "Point", "coordinates": [ -50.21038055555556, -29.984480555555557 ] } },
{ "type": "Feature", "properties": { "index": 30, "faixa_img": 0, "numero_img": 51, "nome_img": "MULTICAPTURA_5820_000051", "time_img": 1745427163, "long_img": -50.210536111111111, "lat_img": -29.984372222222223, "ele_img": 13.8 }, "geometry": { "type": "Point", "coordinates": [ -50.210536111111111, -29.984372222222223 ] } },
{ "type": "Feature", "properties": { "index": 31, "faixa_img": 0, "numero_img": 52, "nome_img": "MULTICAPTURA_5820_000052", "time_img": 1745427165, "long_img": -50.210697222222223, "lat_img": -29.984286111111111, "ele_img": 13.2 }, "geometry": { "type": "Point", "coordinates": [ -50.210697222222223, -29.984286111111111 ] } },
{ "type": "Feature", "properties": { "index": 32, "faixa_img": 0, "numero_img": 53, "nome_img": "MULTICAPTURA_5820_000053", "time_img": 1745427167, "long_img": -50.210883333333335, "lat_img": -29.984227777777779, "ele_img": 12.1 }, "geometry": { "type": "Point", "coordinates": [ -50.210883333333335, -29.984227777777779 ] } },
{ "type": "Feature", "properties": { "index": 33, "faixa_img": 0, "numero_img": 54, "nome_img": "MULTICAPTURA_5820_000054", "time_img": 1745427169, "long_img": -50.211108333333335, "lat_img": -29.984197222222225, "ele_img": 12.6 }, "geometry": { "type": "Point", "coordinates": [ -50.211108333333335, -29.984197222222225 ] } },
{ "type": "Feature", "properties": { "index": 34, "faixa_img": 0, "numero_img": 55, "nome_img": "MULTICAPTURA_5820_000055", "time_img": 1745427171, "long_img": -50.211294444444448, "lat_img": -29.984202777777778, "ele_img": 13.7 }, "geometry": { "type": "Point", "coordinates": [ -50.211294444444448, -29.984202777777778 ] } },
{ "type": "Feature", "properties": { "index": 35, "faixa_img": 0, "numero_img": 56, "nome_img": "MULTICAPTURA_5820_000056", "time_img": 1745427173, "long_img": -50.211502777777781, "lat_img": -29.984255555555556, "ele_img": 14.0 }, "geometry": { "type": "Point", "coordinates": [ -50.211502777777781, -29.984255555555556 ] } },
{ "type": "Feature", "properties": { "index": 36, "faixa_img": 0, "numero_img": 57, "nome_img": "MULTICAPTURA_5820_000057", "time_img": 1745427175, "long_img": -50.211716666666668, "lat_img": -29.984333333333336, "ele_img": 14.4 }, "geometry": { "type": "Point", "coordinates": [ -50.211716666666668, -29.984333333333336 ] } },
{ "type": "Feature", "properties": { "index": 37, "faixa_img": 0, "numero_img": 58, "nome_img": "MULTICAPTURA_5820_000058", "time_img": 1745427177, "long_img": -50.211919444444447, "lat_img": -29.984405555555558, "ele_img": 14.2 }, "geometry": { "type": "Point", "coordinates": [ -50.211919444444447, -29.984405555555558 ] } },
{ "type": "Feature", "properties": { "index": 38, "faixa_img": 0, "numero_img": 59, "nome_img": "MULTICAPTURA_5820_000059", "time_img": 1745427179, "long_img": -50.212122222222227, "lat_img": -29.98447777777778, "ele_img": 14.1 }, "geometry": { "type": "Point", "coordinates": [ -50.212122222222227, -29.98447777777778 ] } },
{ "type": "Feature", "properties": { "index": 39, "faixa_img": 0, "numero_img": 60, "nome_img": "MULTICAPTURA_5820_000060", "time_img": 1745427181, "long_img": -50.212322222222227, "lat_img": -29.984555555555556, "ele_img": 14.8 }, "geometry": { "type": "Point", "coordinates": [ -50.212322222222227, -29.984555555555556 ] } },
{ "type": "Feature", "properties": { "index": 40, "faixa_img": 0, "numero_img": 61, "nome_img": "MULTICAPTURA_5820_000061", "time_img": 1745427183, "long_img": -50.212519444444446, "lat_img": -29.984630555555558, "ele_img": 15.2 }, "geometry": { "type": "Point", "coordinates": [ -50.212519444444446, -29.984630555555558 ] } },
{ "type": "Feature", "properties": { "index": 41, "faixa_img": 0, "numero_img": 62, "nome_img": "MULTICAPTURA_5820_000062", "time_img": 1745427185, "long_img": -50.212722222222226, "lat_img": -29.984705555555557, "ele_img": 14.8 }, "geometry": { "type": "Point", "coordinates": [ -50.212722222222226, -29.984705555555557 ] } },
{ "type": "Feature", "properties": { "index": 42, "faixa_img": 1, "numero_img": 64, "nome_img": "MULTICAPTURA_5820_000064", "time_img": 1745427189, "long_img": -50.213138888888892, "lat_img": -29.984861111111112, "ele_img": 14.1 }, "geometry": { "type": "Point", "coordinates": [ -50.213138888888892, -29.984861111111112 ] } },
{ "type": "Feature", "properties": { "index": 43, "faixa_img": 1, "numero_img": 65, "nome_img": "MULTICAPTURA_5820_000065", "time_img": 1745427191, "long_img": -50.213338888888892, "lat_img": -29.984936111111111, "ele_img": 14.0 }, "geometry": { "type": "Point", "coordinates": [ -50.213338888888892, -29.984936111111111 ] } },
{ "type": "Feature", "properties": { "index": 44, "faixa_img": 1, "numero_img": 66, "nome_img": "MULTICAPTURA_5820_000066", "time_img": 1745427193, "long_img": -50.213536111111111, "lat_img": -29.985008333333333, "ele_img": 13.9 }, "geometry": { "type": "Point", "coordinates": [ -50.213536111111111, -29.985008333333333 ] } },
{ "type": "Feature", "properties": { "index": 45, "faixa_img": 1, "numero_img": 67, "nome_img": "MULTICAPTURA_5820_000067", "time_img": 1745427195, "long_img": -50.213711111111117, "lat_img": -29.985077777777779, "ele_img": 14.1 }, "geometry": { "type": "Point", "coordinates": [ -50.213711111111117, -29.985077777777779 ] } },
{ "type": "Feature", "properties": { "index": 46, "faixa_img": 1, "numero_img": 68, "nome_img": "MULTICAPTURA_5820_000068", "time_img": 1745427197, "long_img": -50.213894444444449, "lat_img": -29.985161111111111, "ele_img": 13.9 }, "geometry": { "type": "Point", "coordinates": [ -50.213894444444449, -29.985161111111111 ] } },
{ "type": "Feature", "properties": { "index": 47, "faixa_img": 1, "numero_img": 69, "nome_img": "MULTICAPTURA_5820_000069", "time_img": 1745427199, "long_img": -50.214069444444448, "lat_img": -29.98525, "ele_img": 12.8 }, "geometry": { "type": "Point", "coordinates": [ -50.214069444444448, -29.98525 ] } },
{ "type": "Feature", "properties": { "index": 48, "faixa_img": 1, "numero_img": 70, "nome_img": "MULTICAPTURA_5820_000070", "time_img": 1745427201, "long_img": -50.214244444444446, "lat_img": -29.985363888888891, "ele_img": 12.4 }, "geometry": { "type": "Point", "coordinates": [ -50.214244444444446, -29.985363888888891 ] } },
{ "type": "Feature", "properties": { "index": 49, "faixa_img": 1, "numero_img": 71, "nome_img": "MULTICAPTURA_5820_000071", "time_img": 1745427203, "long_img": -50.2144, "lat_img": -29.985483333333335, "ele_img": 12.3 }, "geometry": { "type": "Point", "coordinates": [ -50.2144, -29.985483333333335 ] } },
{ "type": "Feature", "properties": { "index": 50, "faixa_img": 1, "numero_img": 72, "nome_img": "MULTICAPTURA_5820_000072", "time_img": 1745427205, "long_img": -50.214558333333336, "lat_img": -29.985611111111112, "ele_img": 12.0 }, "geometry": { "type": "Point", "coordinates": [ -50.214558333333336, -29.985611111111112 ] } },
{ "type": "Feature", "properties": { "index": 51, "faixa_img": 1, "numero_img": 73, "nome_img": "MULTICAPTURA_5820_000073", "time_img": 1745427207, "long_img": -50.2147, "lat_img": -29.985727777777779, "ele_img": 11.6 }, "geometry": { "type": "Point", "coordinates": [ -50.2147, -29.985727777777779 ] } },
{ "type": "Feature", "properties": { "index": 52, "faixa_img": 1, "numero_img": 74, "nome_img": "MULTICAPTURA_5820_000074", "time_img": 1745427209, "long_img": -50.214855555555559, "lat_img": -29.985852777777779, "ele_img": 11.4 }, "geometry": { "type": "Point", "coordinates": [ -50.214855555555559, -29.985852777777779 ] } },
{ "type": "Feature", "properties": { "index": 53, "faixa_img": 1, "numero_img": 75, "nome_img": "MULTICAPTURA_5820_000075", "time_img": 1745427211, "long_img": -50.215011111111117, "lat_img": -29.985980555555557, "ele_img": 11.3 }, "geometry": { "type": "Point", "coordinates": [ -50.215011111111117, -29.985980555555557 ] } },
{ "type": "Feature", "properties": { "index": 54, "faixa_img": 1, "numero_img": 76, "nome_img": "MULTICAPTURA_5820_000076", "time_img": 1745427213, "long_img": -50.215161111111115, "lat_img": -29.986119444444444, "ele_img": 11.7 }, "geometry": { "type": "Point", "coordinates": [ -50.215161111111115, -29.986119444444444 ] } },
{ "type": "Feature", "properties": { "index": 55, "faixa_img": 1, "numero_img": 77, "nome_img": "MULTICAPTURA_5820_000077", "time_img": 1745427215, "long_img": -50.215311111111113, "lat_img": -29.986238888888892, "ele_img": 11.6 }, "geometry": { "type": "Point", "coordinates": [ -50.215311111111113, -29.986238888888892 ] } },
{ "type": "Feature", "properties": { "index": 56, "faixa_img": 1, "numero_img": 78, "nome_img": "MULTICAPTURA_5820_000078", "time_img": 1745427217, "long_img": -50.215461111111111, "lat_img": -29.986363888888889, "ele_img": 11.6 }, "geometry": { "type": "Point", "coordinates": [ -50.215461111111111, -29.986363888888889 ] } },
{ "type": "Feature", "properties": { "index": 57, "faixa_img": 1, "numero_img": 79, "nome_img": "MULTICAPTURA_5820_000079", "time_img": 1745427219, "long_img": -50.2156, "lat_img": -29.986469444444445, "ele_img": 11.6 }, "geometry": { "type": "Point", "coordinates": [ -50.2156, -29.986469444444445 ] } },
{ "type": "Feature", "properties": { "index": 58, "faixa_img": 1, "numero_img": 81, "nome_img": "MULTICAPTURA_5820_000081", "time_img": 1745427223, "long_img": -50.215944444444446, "lat_img": -29.986605555555556, "ele_img": 12.0 }, "geometry": { "type": "Point", "coordinates": [ -50.215944444444446, -29.986605555555556 ] } },
{ "type": "Feature", "properties": { "index": 59, "faixa_img": 1, "numero_img": 82, "nome_img": "MULTICAPTURA_5820_000082", "time_img": 1745427225, "long_img": -50.216141666666672, "lat_img": -29.98661388888889, "ele_img": 12.0 }, "geometry": { "type": "Point", "coordinates": [ -50.216141666666672, -29.98661388888889 ] } },
{ "type": "Feature", "properties": { "index": 60, "faixa_img": 1, "numero_img": 83, "nome_img": "MULTICAPTURA_5820_000083", "time_img": 1745427227, "long_img": -50.216333333333338, "lat_img": -29.986605555555556, "ele_img": 12.3 }, "geometry": { "type": "Point", "coordinates": [ -50.216333333333338, -29.986605555555556 ] } },
{ "type": "Feature", "properties": { "index": 61, "faixa_img": 1, "numero_img": 84, "nome_img": "MULTICAPTURA_5820_000084", "time_img": 1745427229, "long_img": -50.216522222222224, "lat_img": -29.986602777777779, "ele_img": 12.7 }, "geometry": { "type": "Point", "coordinates": [ -50.216522222222224, -29.986602777777779 ] } },
{ "type": "Feature", "properties": { "index": 62, "faixa_img": 1, "numero_img": 85, "nome_img": "MULTICAPTURA_5820_000085", "time_img": 1745427231, "long_img": -50.21671388888889, "lat_img": -29.986605555555556, "ele_img": 12.6 }, "geometry": { "type": "Point", "coordinates": [ -50.21671388888889, -29.986605555555556 ] } },
{ "type": "Feature", "properties": { "index": 63, "faixa_img": 1, "numero_img": 86, "nome_img": "MULTICAPTURA_5820_000086", "time_img": 1745427233, "long_img": -50.216905555555556, "lat_img": -29.986602777777779, "ele_img": 12.7 }, "geometry": { "type": "Point", "coordinates": [ -50.216905555555556, -29.986602777777779 ] } },
{ "type": "Feature", "properties": { "index": 64, "faixa_img": 1, "numero_img": 87, "nome_img": "MULTICAPTURA_5820_000087", "time_img": 1745427235, "long_img": -50.217086111111115, "lat_img": -29.986605555555556, "ele_img": 12.9 }, "geometry": { "type": "Point", "coordinates": [ -50.217086111111115, -29.986605555555556 ] } },
{ "type": "Feature", "properties": { "index": 65, "faixa_img": 1, "numero_img": 88, "nome_img": "MULTICAPTURA_5820_000088", "time_img": 1745427237, "long_img": -50.217272222222228, "lat_img": -29.98661388888889, "ele_img": 13.0 }, "geometry": { "type": "Point", "coordinates": [ -50.217272222222228, -29.98661388888889 ] } },
{ "type": "Feature", "properties": { "index": 66, "faixa_img": 1, "numero_img": 89, "nome_img": "MULTICAPTURA_5820_000089", "time_img": 1745427239, "long_img": -50.21745277777778, "lat_img": -29.98661388888889, "ele_img": 13.0 }, "geometry": { "type": "Point", "coordinates": [ -50.21745277777778, -29.98661388888889 ] } },
{ "type": "Feature", "properties": { "index": 67, "faixa_img": 1, "numero_img": 90, "nome_img": "MULTICAPTURA_5820_000090", "time_img": 1745427241, "long_img": -50.217627777777778, "lat_img": -29.98661388888889, "ele_img": 12.8 }, "geometry": { "type": "Point", "coordinates": [ -50.217627777777778, -29.98661388888889 ] } },
{ "type": "Feature", "properties": { "index": 68, "faixa_img": 1, "numero_img": 91, "nome_img": "MULTICAPTURA_5820_000091", "time_img": 1745427243, "long_img": -50.217794444444444, "lat_img": -29.98661388888889, "ele_img": 12.9 }, "geometry": { "type": "Point", "coordinates": [ -50.217794444444444, -29.98661388888889 ] } },
{ "type": "Feature", "properties": { "index": 69, "faixa_img": 1, "numero_img": 92, "nome_img": "MULTICAPTURA_5820_000092", "time_img": 1745427245, "long_img": -50.217972222222222, "lat_img": -29.98661388888889, "ele_img": 13.0 }, "geometry": { "type": "Point", "coordinates": [ -50.217972222222222, -29.98661388888889 ] } },
{ "type": "Feature", "properties": { "index": 70, "faixa_img": 1, "numero_img": 93, "nome_img": "MULTICAPTURA_5820_000093", "time_img": 1745427247, "long_img": -50.218141666666668, "lat_img": -29.98661388888889, "ele_img": 13.1 }, "geometry": { "type": "Point", "coordinates": [ -50.218141666666668, -29.98661388888889 ] } },
{ "type": "Feature", "properties": { "index": 71, "faixa_img": 1, "numero_img": 94, "nome_img": "MULTICAPTURA_5820_000094", "time_img": 1745427249, "long_img": -50.218294444444446, "lat_img": -29.98661388888889, "ele_img": 13.1 }, "geometry": { "type": "Point", "coordinates": [ -50.218294444444446, -29.98661388888889 ] } },
{ "type": "Feature", "properties": { "index": 72, "faixa_img": 1, "numero_img": 95, "nome_img": "MULTICAPTURA_5820_000095", "time_img": 1745427251, "long_img": -50.218463888888891, "lat_img": -29.98661388888889, "ele_img": 13.2 }, "geometry": { "type": "Point", "coordinates": [ -50.218463888888891, -29.98661388888889 ] } },
{ "type": "Feature", "properties": { "index": 73, "faixa_img": 1, "numero_img": 96, "nome_img": "MULTICAPTURA_5820_000096", "time_img": 1745427253, "long_img": -50.218627777777783, "lat_img": -29.986616666666666, "ele_img": 13.4 }, "geometry": { "type": "Point", "coordinates": [ -50.218627777777783, -29.986616666666666 ] } },
{ "type": "Feature", "properties": { "index": 74, "faixa_img": 1, "numero_img": 97, "nome_img": "MULTICAPTURA_5820_000097", "time_img": 1745427255, "long_img": -50.218788888888888, "lat_img": -29.986616666666666, "ele_img": 13.5 }, "geometry": { "type": "Point", "coordinates": [ -50.218788888888888, -29.986616666666666 ] } },
{ "type": "Feature", "properties": { "index": 75, "faixa_img": 1, "numero_img": 98, "nome_img": "MULTICAPTURA_5820_000098", "time_img": 1745427257, "long_img": -50.218936111111113, "lat_img": -29.986616666666666, "ele_img": 13.5 }, "geometry": { "type": "Point", "coordinates": [ -50.218936111111113, -29.986616666666666 ] } },
{ "type": "Feature", "properties": { "index": 76, "faixa_img": 1, "numero_img": 99, "nome_img": "MULTICAPTURA_5820_000099", "time_img": 1745427259, "long_img": -50.219083333333337, "lat_img": -29.986616666666666, "ele_img": 13.7 }, "geometry": { "type": "Point", "coordinates": [ -50.219083333333337, -29.986616666666666 ] } },
{ "type": "Feature", "properties": { "index": 77, "faixa_img": 1, "numero_img": 100, "nome_img": "MULTICAPTURA_5820_000100", "time_img": 1745427261, "long_img": -50.219205555555554, "lat_img": -29.986619444444447, "ele_img": 13.7 }, "geometry": { "type": "Point", "coordinates": [ -50.219205555555554, -29.986619444444447 ] } },
{ "type": "Feature", "properties": { "index": 78, "faixa_img": 1, "numero_img": 101, "nome_img": "MULTICAPTURA_5820_000101", "time_img": 1745427263, "long_img": -50.219313888888891, "lat_img": -29.986619444444447, "ele_img": 13.7 }, "geometry": { "type": "Point", "coordinates": [ -50.219313888888891, -29.986619444444447 ] } },
{ "type": "Feature", "properties": { "index": 79, "faixa_img": 1, "numero_img": 102, "nome_img": "MULTICAPTURA_5820_000102", "time_img": 1745427265, "long_img": -50.219430555555554, "lat_img": -29.986619444444447, "ele_img": 13.7 }, "geometry": { "type": "Point", "coordinates": [ -50.219430555555554, -29.986619444444447 ] } },
{ "type": "Feature", "properties": { "index": 80, "faixa_img": 1, "numero_img": 103, "nome_img": "MULTICAPTURA_5820_000103", "time_img": 1745427267, "long_img": -50.219538888888891, "lat_img": -29.98661388888889, "ele_img": 13.6 }, "geometry": { "type": "Point", "coordinates": [ -50.219538888888891, -29.98661388888889 ] } },
{ "type": "Feature", "properties": { "index": 81, "faixa_img": 1, "numero_img": 104, "nome_img": "MULTICAPTURA_5820_000104", "time_img": 1745427269, "long_img": -50.219652777777782, "lat_img": -29.986583333333336, "ele_img": 13.5 }, "geometry": { "type": "Point", "coordinates": [ -50.219652777777782, -29.986583333333336 ] } },
{ "type": "Feature", "properties": { "index": 82, "faixa_img": 1, "numero_img": 105, "nome_img": "MULTICAPTURA_5820_000105", "time_img": 1745427271, "long_img": -50.219741666666671, "lat_img": -29.986516666666667, "ele_img": 13.7 }, "geometry": { "type": "Point", "coordinates": [ -50.219741666666671, -29.986516666666667 ] } },
{ "type": "Feature", "properties": { "index": 83, "faixa_img": 1, "numero_img": 106, "nome_img": "MULTICAPTURA_5820_000106", "time_img": 1745427273, "long_img": -50.219797222222226, "lat_img": -29.986427777777777, "ele_img": 13.7 }, "geometry": { "type": "Point", "coordinates": [ -50.219797222222226, -29.986427777777777 ] } },
{ "type": "Feature", "properties": { "index": 85, "faixa_img": 1, "numero_img": 108, "nome_img": "MULTICAPTURA_5820_000108", "time_img": 1745427277, "long_img": -50.219830555555561, "lat_img": -29.986241666666668, "ele_img": 13.6 }, "geometry": { "type": "Point", "coordinates": [ -50.219830555555561, -29.986241666666668 ] } },
{ "type": "Feature", "properties": { "index": 87, "faixa_img": 1, "numero_img": 110, "nome_img": "MULTICAPTURA_5820_000110", "time_img": 1745427281, "long_img": -50.219844444444448, "lat_img": -29.986083333333333, "ele_img": 13.6 }, "geometry": { "type": "Point", "coordinates": [ -50.219844444444448, -29.986083333333333 ] } },
{ "type": "Feature", "properties": { "index": 89, "faixa_img": 1, "numero_img": 112, "nome_img": "MULTICAPTURA_5820_000112", "time_img": 1745427285, "long_img": -50.219855555555554, "lat_img": -29.985947222222222, "ele_img": 13.4 }, "geometry": { "type": "Point", "coordinates": [ -50.219855555555554, -29.985947222222222 ] } },
{ "type": "Feature", "properties": { "index": 91, "faixa_img": 1, "numero_img": 122, "nome_img": "MULTICAPTURA_5820_000122", "time_img": 1745427305, "long_img": -50.219991666666665, "lat_img": -29.985566666666667, "ele_img": 13.2 }, "geometry": { "type": "Point", "coordinates": [ -50.219991666666665, -29.985566666666667 ] } },
{ "type": "Feature", "properties": { "index": 92, "faixa_img": 1, "numero_img": 125, "nome_img": "MULTICAPTURA_5820_000125", "time_img": 1745427311, "long_img": -50.220072222222221, "lat_img": -29.985475, "ele_img": 12.7 }, "geometry": { "type": "Point", "coordinates": [ -50.220072222222221, -29.985475 ] } },
{ "type": "Feature", "properties": { "index": 94, "faixa_img": 2, "numero_img": 130, "nome_img": "MULTICAPTURA_5820_000130", "time_img": 1745427321, "long_img": -50.220466666666667, "lat_img": -29.985133333333334, "ele_img": 11.8 }, "geometry": { "type": "Point", "coordinates": [ -50.220466666666667, -29.985133333333334 ] } },
{ "type": "Feature", "properties": { "index": 95, "faixa_img": 2, "numero_img": 131, "nome_img": "MULTICAPTURA_5820_000131", "time_img": 1745427323, "long_img": -50.220572222222224, "lat_img": -29.985041666666667, "ele_img": 11.7 }, "geometry": { "type": "Point", "coordinates": [ -50.220572222222224, -29.985041666666667 ] } },
{ "type": "Feature", "properties": { "index": 96, "faixa_img": 2, "numero_img": 132, "nome_img": "MULTICAPTURA_5820_000132", "time_img": 1745427325, "long_img": -50.220663888888893, "lat_img": -29.984958333333335, "ele_img": 11.4 }, "geometry": { "type": "Point", "coordinates": [ -50.220663888888893, -29.984958333333335 ] } },
{ "type": "Feature", "properties": { "index": 97, "faixa_img": 2, "numero_img": 133, "nome_img": "MULTICAPTURA_5820_000133", "time_img": 1745427327, "long_img": -50.220758333333336, "lat_img": -29.984875, "ele_img": 11.2 }, "geometry": { "type": "Point", "coordinates": [ -50.220758333333336, -29.984875 ] } },
{ "type": "Feature", "properties": { "index": 98, "faixa_img": 2, "numero_img": 134, "nome_img": "MULTICAPTURA_5820_000134", "time_img": 1745427329, "long_img": -50.220844444444445, "lat_img": -29.9848, "ele_img": 11.1 }, "geometry": { "type": "Point", "coordinates": [ -50.220844444444445, -29.9848 ] } },
{ "type": "Feature", "properties": { "index": 99, "faixa_img": 2, "numero_img": 135, "nome_img": "MULTICAPTURA_5820_000135", "time_img": 1745427331, "long_img": -50.220936111111115, "lat_img": -29.984716666666667, "ele_img": 11.1 }, "geometry": { "type": "Point", "coordinates": [ -50.220936111111115, -29.984716666666667 ] } },
{ "type": "Feature", "properties": { "index": 100, "faixa_img": 2, "numero_img": 137, "nome_img": "MULTICAPTURA_5820_000137", "time_img": 1745427335, "long_img": -50.221113888888894, "lat_img": -29.984566666666666, "ele_img": 11.1 }, "geometry": { "type": "Point", "coordinates": [ -50.221113888888894, -29.984566666666666 ] } },
{ "type": "Feature", "properties": { "index": 101, "faixa_img": 2, "numero_img": 138, "nome_img": "MULTICAPTURA_5820_000138", "time_img": 1745427337, "long_img": -50.22121388888889, "lat_img": -29.984505555555558, "ele_img": 11.1 }, "geometry": { "type": "Point", "coordinates": [ -50.22121388888889, -29.984505555555558 ] } },
{ "type": "Feature", "properties": { "index": 102, "faixa_img": 2, "numero_img": 139, "nome_img": "MULTICAPTURA_5820_000139", "time_img": 1745427339, "long_img": -50.221322222222227, "lat_img": -29.984461111111113, "ele_img": 11.3 }, "geometry": { "type": "Point", "coordinates": [ -50.221322222222227, -29.984461111111113 ] } },
{ "type": "Feature", "properties": { "index": 103, "faixa_img": 2, "numero_img": 140, "nome_img": "MULTICAPTURA_5820_000140", "time_img": 1745427341, "long_img": -50.22143611111111, "lat_img": -29.984441666666669, "ele_img": 11.4 }, "geometry": { "type": "Point", "coordinates": [ -50.22143611111111, -29.984441666666669 ] } },
{ "type": "Feature", "properties": { "index": 104, "faixa_img": 2, "numero_img": 141, "nome_img": "MULTICAPTURA_5820_000141", "time_img": 1745427343, "long_img": -50.221558333333334, "lat_img": -29.984452777777779, "ele_img": 11.5 }, "geometry": { "type": "Point", "coordinates": [ -50.221558333333334, -29.984452777777779 ] } },
{ "type": "Feature", "properties": { "index": 105, "faixa_img": 2, "numero_img": 142, "nome_img": "MULTICAPTURA_5820_000142", "time_img": 1745427345, "long_img": -50.221672222222224, "lat_img": -29.984497222222224, "ele_img": 11.7 }, "geometry": { "type": "Point", "coordinates": [ -50.221672222222224, -29.984497222222224 ] } },
{ "type": "Feature", "properties": { "index": 106, "faixa_img": 2, "numero_img": 143, "nome_img": "MULTICAPTURA_5820_000143", "time_img": 1745427347, "long_img": -50.221775, "lat_img": -29.984561111111113, "ele_img": 11.9 }, "geometry": { "type": "Point", "coordinates": [ -50.221775, -29.984561111111113 ] } },
{ "type": "Feature", "properties": { "index": 107, "faixa_img": 2, "numero_img": 144, "nome_img": "MULTICAPTURA_5820_000144", "time_img": 1745427349, "long_img": -50.221847222222223, "lat_img": -29.984644444444445, "ele_img": 12.1 }, "geometry": { "type": "Point", "coordinates": [ -50.221847222222223, -29.984644444444445 ] } },
{ "type": "Feature", "properties": { "index": 108, "faixa_img": 2, "numero_img": 145, "nome_img": "MULTICAPTURA_5820_000145", "time_img": 1745427351, "long_img": -50.221894444444445, "lat_img": -29.984736111111111, "ele_img": 12.3 }, "geometry": { "type": "Point", "coordinates": [ -50.221894444444445, -29.984736111111111 ] } },
{ "type": "Feature", "properties": { "index": 109, "faixa_img": 2, "numero_img": 146, "nome_img": "MULTICAPTURA_5820_000146", "time_img": 1745427353, "long_img": -50.221913888888892, "lat_img": -29.984841666666668, "ele_img": 12.3 }, "geometry": { "type": "Point", "coordinates": [ -50.221913888888892, -29.984841666666668 ] } },
{ "type": "Feature", "properties": { "index": 110, "faixa_img": 2, "numero_img": 147, "nome_img": "MULTICAPTURA_5820_000147", "time_img": 1745427355, "long_img": -50.221897222222225, "lat_img": -29.984947222222225, "ele_img": 12.3 }, "geometry": { "type": "Point", "coordinates": [ -50.221897222222225, -29.984947222222225 ] } },
{ "type": "Feature", "properties": { "index": 111, "faixa_img": 2, "numero_img": 148, "nome_img": "MULTICAPTURA_5820_000148", "time_img": 1745427357, "long_img": -50.221844444444443, "lat_img": -29.98505, "ele_img": 12.4 }, "geometry": { "type": "Point", "coordinates": [ -50.221844444444443, -29.98505 ] } },
{ "type": "Feature", "properties": { "index": 112, "faixa_img": 3, "numero_img": 152, "nome_img": "MULTICAPTURA_5820_000152", "time_img": 1745427365, "long_img": -50.221408333333336, "lat_img": -29.985255555555558, "ele_img": 12.0 }, "geometry": { "type": "Point", "coordinates": [ -50.221408333333336, -29.985255555555558 ] } },
{ "type": "Feature", "properties": { "index": 113, "faixa_img": 3, "numero_img": 153, "nome_img": "MULTICAPTURA_5820_000153", "time_img": 1745427367, "long_img": -50.221272222222225, "lat_img": -29.985230555555557, "ele_img": 11.8 }, "geometry": { "type": "Point", "coordinates": [ -50.221272222222225, -29.985230555555557 ] } },
{ "type": "Feature", "properties": { "index": 114, "faixa_img": 3, "numero_img": 154, "nome_img": "MULTICAPTURA_5820_000154", "time_img": 1745427369, "long_img": -50.221166666666669, "lat_img": -29.985175, "ele_img": 11.5 }, "geometry": { "type": "Point", "coordinates": [ -50.221166666666669, -29.985175 ] } },
{ "type": "Feature", "properties": { "index": 115, "faixa_img": 3, "numero_img": 155, "nome_img": "MULTICAPTURA_5820_000155", "time_img": 1745427371, "long_img": -50.221069444444446, "lat_img": -29.985091666666669, "ele_img": 11.4 }, "geometry": { "type": "Point", "coordinates": [ -50.221069444444446, -29.985091666666669 ] } },
{ "type": "Feature", "properties": { "index": 116, "faixa_img": 3, "numero_img": 157, "nome_img": "MULTICAPTURA_5820_000157", "time_img": 1745427375, "long_img": -50.220975, "lat_img": -29.98490277777778, "ele_img": 11.3 }, "geometry": { "type": "Point", "coordinates": [ -50.220975, -29.98490277777778 ] } },
{ "type": "Feature", "properties": { "index": 117, "faixa_img": 4, "numero_img": 168, "nome_img": "MULTICAPTURA_5820_000168", "time_img": 1745427397, "long_img": -50.221933333333332, "lat_img": -29.984527777777778, "ele_img": 12.1 }, "geometry": { "type": "Point", "coordinates": [ -50.221933333333332, -29.984527777777778 ] } },
{ "type": "Feature", "properties": { "index": 119, "faixa_img": 4, "numero_img": 170, "nome_img": "MULTICAPTURA_5820_000170", "time_img": 1745427401, "long_img": -50.22206111111111, "lat_img": -29.984552777777779, "ele_img": 12.4 }, "geometry": { "type": "Point", "coordinates": [ -50.22206111111111, -29.984552777777779 ] } },
{ "type": "Feature", "properties": { "index": 121, "faixa_img": 4, "numero_img": 172, "nome_img": "MULTICAPTURA_5820_000172", "time_img": 1745427405, "long_img": -50.222122222222225, "lat_img": -29.984652777777779, "ele_img": 13.5 }, "geometry": { "type": "Point", "coordinates": [ -50.222122222222225, -29.984652777777779 ] } },
{ "type": "Feature", "properties": { "index": 123, "faixa_img": 4, "numero_img": 174, "nome_img": "MULTICAPTURA_5820_000174", "time_img": 1745427409, "long_img": -50.222138888888892, "lat_img": -29.984811111111114, "ele_img": 14.5 }, "geometry": { "type": "Point", "coordinates": [ -50.222138888888892, -29.984811111111114 ] } },
{ "type": "Feature", "properties": { "index": 125, "faixa_img": 4, "numero_img": 176, "nome_img": "MULTICAPTURA_5820_000176", "time_img": 1745427413, "long_img": -50.22217777777778, "lat_img": -29.984966666666669, "ele_img": 15.0 }, "geometry": { "type": "Point", "coordinates": [ -50.22217777777778, -29.984966666666669 ] } },
{ "type": "Feature", "properties": { "index": 127, "faixa_img": 4, "numero_img": 179, "nome_img": "MULTICAPTURA_5820_000179", "time_img": 1745427419, "long_img": -50.222255555555556, "lat_img": -29.985055555555558, "ele_img": 15.7 }, "geometry": { "type": "Point", "coordinates": [ -50.222255555555556, -29.985055555555558 ] } },
{ "type": "Feature", "properties": { "index": 128, "faixa_img": 4, "numero_img": 181, "nome_img": "MULTICAPTURA_5820_000181", "time_img": 1745427423, "long_img": -50.222391666666667, "lat_img": -29.985055555555558, "ele_img": 15.7 }, "geometry": { "type": "Point", "coordinates": [ -50.222391666666667, -29.985055555555558 ] } },
{ "type": "Feature", "properties": { "index": 130, "faixa_img": 4, "numero_img": 183, "nome_img": "MULTICAPTURA_5820_000183", "time_img": 1745427427, "long_img": -50.222477777777783, "lat_img": -29.984911111111114, "ele_img": 16.1 }, "geometry": { "type": "Point", "coordinates": [ -50.222477777777783, -29.984911111111114 ] } },
{ "type": "Feature", "properties": { "index": 131, "faixa_img": 4, "numero_img": 186, "nome_img": "MULTICAPTURA_5820_000186", "time_img": 1745427433, "long_img": -50.222497222222223, "lat_img": -29.984641666666668, "ele_img": 13.4 }, "geometry": { "type": "Point", "coordinates": [ -50.222497222222223, -29.984641666666668 ] } },
{ "type": "Feature", "properties": { "index": 133, "faixa_img": 4, "numero_img": 190, "nome_img": "MULTICAPTURA_5820_000190", "time_img": 1745427441, "long_img": -50.222541666666672, "lat_img": -29.984286111111111, "ele_img": 10.6 }, "geometry": { "type": "Point", "coordinates": [ -50.222541666666672, -29.984286111111111 ] } },
{ "type": "Feature", "properties": { "index": 134, "faixa_img": 4, "numero_img": 191, "nome_img": "MULTICAPTURA_5820_000191", "time_img": 1745427443, "long_img": -50.222583333333333, "lat_img": -29.984194444444444, "ele_img": 10.4 }, "geometry": { "type": "Point", "coordinates": [ -50.222583333333333, -29.984194444444444 ] } },
{ "type": "Feature", "properties": { "index": 135, "faixa_img": 4, "numero_img": 194, "nome_img": "MULTICAPTURA_5820_000194", "time_img": 1745427449, "long_img": -50.22275, "lat_img": -29.983991666666668, "ele_img": 8.4 }, "geometry": { "type": "Point", "coordinates": [ -50.22275, -29.983991666666668 ] } },
{ "type": "Feature", "properties": { "index": 137, "faixa_img": 4, "numero_img": 196, "nome_img": "MULTICAPTURA_5820_000196", "time_img": 1745427453, "long_img": -50.222813888888894, "lat_img": -29.983897222222222, "ele_img": 1.3 }, "geometry": { "type": "Point", "coordinates": [ -50.222813888888894, -29.983897222222222 ] } },
{ "type": "Feature", "properties": { "index": 140, "faixa_img": 4, "numero_img": 199, "nome_img": "MULTICAPTURA_5820_000199", "time_img": 1745427459, "long_img": -50.222827777777781, "lat_img": -29.983794444444445, "ele_img": 0.0 }, "geometry": { "type": "Point", "coordinates": [ -50.222827777777781, -29.983794444444445 ] } },
{ "type": "Feature", "properties": { "index": 142, "faixa_img": 4, "numero_img": 201, "nome_img": "MULTICAPTURA_5820_000201", "time_img": 1745427463, "long_img": -50.222841666666667, "lat_img": -29.983686111111112, "ele_img": 0.0 }, "geometry": { "type": "Point", "coordinates": [ -50.222841666666667, -29.983686111111112 ] } },
{ "type": "Feature", "properties": { "index": 144, "faixa_img": 4, "numero_img": 203, "nome_img": "MULTICAPTURA_5820_000203", "time_img": 1745427467, "long_img": -50.222794444444446, "lat_img": -29.983577777777779, "ele_img": 1.2 }, "geometry": { "type": "Point", "coordinates": [ -50.222794444444446, -29.983577777777779 ] } },
{ "type": "Feature", "properties": { "index": 146, "faixa_img": 4, "numero_img": 205, "nome_img": "MULTICAPTURA_5820_000205", "time_img": 1745427471, "long_img": -50.222763888888892, "lat_img": -29.983477777777779, "ele_img": 2.4 }, "geometry": { "type": "Point", "coordinates": [ -50.222763888888892, -29.983477777777779 ] } },
{ "type": "Feature", "properties": { "index": 147, "faixa_img": 5, "numero_img": 218, "nome_img": "MULTICAPTURA_5820_000218", "time_img": 1745427497, "long_img": -50.222544444444445, "lat_img": -29.984463888888889, "ele_img": 18.0 }, "geometry": { "type": "Point", "coordinates": [ -50.222544444444445, -29.984463888888889 ] } },
{ "type": "Feature", "properties": { "index": 148, "faixa_img": 5, "numero_img": 221, "nome_img": "MULTICAPTURA_5820_000221", "time_img": 1745427503, "long_img": -50.222516666666671, "lat_img": -29.984797222222223, "ele_img": 19.5 }, "geometry": { "type": "Point", "coordinates": [ -50.222516666666671, -29.984797222222223 ] } },
{ "type": "Feature", "properties": { "index": 149, "faixa_img": 6, "numero_img": 231, "nome_img": "MULTICAPTURA_5820_000231", "time_img": 1745427523, "long_img": -50.22235, "lat_img": -29.985386111111112, "ele_img": 17.2 }, "geometry": { "type": "Point", "coordinates": [ -50.22235, -29.985386111111112 ] } },
{ "type": "Feature", "properties": { "index": 150, "faixa_img": 6, "numero_img": 232, "nome_img": "MULTICAPTURA_5820_000232", "time_img": 1745427525, "long_img": -50.222280555555557, "lat_img": -29.985483333333335, "ele_img": 17.5 }, "geometry": { "type": "Point", "coordinates": [ -50.222280555555557, -29.985483333333335 ] } },
{ "type": "Feature", "properties": { "index": 151, "faixa_img": 6, "numero_img": 235, "nome_img": "MULTICAPTURA_5820_000235", "time_img": 1745427531, "long_img": -50.222086111111111, "lat_img": -29.985788888888891, "ele_img": 19.2 }, "geometry": { "type": "Point", "coordinates": [ -50.222086111111111, -29.985788888888891 ] } },
{ "type": "Feature", "properties": { "index": 152, "faixa_img": 6, "numero_img": 236, "nome_img": "MULTICAPTURA_5820_000236", "time_img": 1745427533, "long_img": -50.222025, "lat_img": -29.98587777777778, "ele_img": 19.7 }, "geometry": { "type": "Point", "coordinates": [ -50.222025, -29.98587777777778 ] } },
{ "type": "Feature", "properties": { "index": 153, "faixa_img": 6, "numero_img": 237, "nome_img": "MULTICAPTURA_5820_000237", "time_img": 1745427535, "long_img": -50.221963888888894, "lat_img": -29.985980555555557, "ele_img": 20.4 }, "geometry": { "type": "Point", "coordinates": [ -50.221963888888894, -29.985980555555557 ] } },
{ "type": "Feature", "properties": { "index": 154, "faixa_img": 6, "numero_img": 238, "nome_img": "MULTICAPTURA_5820_000238", "time_img": 1745427537, "long_img": -50.221888888888891, "lat_img": -29.986075, "ele_img": 21.0 }, "geometry": { "type": "Point", "coordinates": [ -50.221888888888891, -29.986075 ] } },
{ "type": "Feature", "properties": { "index": 155, "faixa_img": 6, "numero_img": 239, "nome_img": "MULTICAPTURA_5820_000239", "time_img": 1745427539, "long_img": -50.221811111111116, "lat_img": -29.986147222222222, "ele_img": 20.4 }, "geometry": { "type": "Point", "coordinates": [ -50.221811111111116, -29.986147222222222 ] } },
{ "type": "Feature", "properties": { "index": 156, "faixa_img": 6, "numero_img": 240, "nome_img": "MULTICAPTURA_5820_000240", "time_img": 1745427541, "long_img": -50.221725, "lat_img": -29.986216666666667, "ele_img": 19.9 }, "geometry": { "type": "Point", "coordinates": [ -50.221725, -29.986216666666667 ] } },
{ "type": "Feature", "properties": { "index": 157, "faixa_img": 6, "numero_img": 243, "nome_img": "MULTICAPTURA_5820_000243", "time_img": 1745427547, "long_img": -50.221452777777777, "lat_img": -29.986369444444446, "ele_img": 19.5 }, "geometry": { "type": "Point", "coordinates": [ -50.221452777777777, -29.986369444444446 ] } },
{ "type": "Feature", "properties": { "index": 159, "faixa_img": 6, "numero_img": 245, "nome_img": "MULTICAPTURA_5820_000245", "time_img": 1745427551, "long_img": -50.221333333333334, "lat_img": -29.986461111111112, "ele_img": 18.1 }, "geometry": { "type": "Point", "coordinates": [ -50.221333333333334, -29.986461111111112 ] } },
{ "type": "Feature", "properties": { "index": 161, "faixa_img": 6, "numero_img": 247, "nome_img": "MULTICAPTURA_5820_000247", "time_img": 1745427555, "long_img": -50.221236111111111, "lat_img": -29.986566666666668, "ele_img": 17.1 }, "geometry": { "type": "Point", "coordinates": [ -50.221236111111111, -29.986566666666668 ] } },
{ "type": "Feature", "properties": { "index": 163, "faixa_img": 6, "numero_img": 252, "nome_img": "MULTICAPTURA_5820_000252", "time_img": 1745427565, "long_img": -50.221283333333332, "lat_img": -29.986791666666669, "ele_img": 16.5 }, "geometry": { "type": "Point", "coordinates": [ -50.221283333333332, -29.986791666666669 ] } },
{ "type": "Feature", "properties": { "index": 164, "faixa_img": 6, "numero_img": 253, "nome_img": "MULTICAPTURA_5820_000253", "time_img": 1745427567, "long_img": -50.221405555555556, "lat_img": -29.986780555555555, "ele_img": 17.2 }, "geometry": { "type": "Point", "coordinates": [ -50.221405555555556, -29.986780555555555 ] } },
{ "type": "Feature", "properties": { "index": 165, "faixa_img": 6, "numero_img": 254, "nome_img": "MULTICAPTURA_5820_000254", "time_img": 1745427569, "long_img": -50.221525, "lat_img": -29.986763888888891, "ele_img": 17.8 }, "geometry": { "type": "Point", "coordinates": [ -50.221525, -29.986763888888891 ] } },
{ "type": "Feature", "properties": { "index": 166, "faixa_img": 6, "numero_img": 255, "nome_img": "MULTICAPTURA_5820_000255", "time_img": 1745427571, "long_img": -50.221630555555556, "lat_img": -29.986763888888891, "ele_img": 18.5 }, "geometry": { "type": "Point", "coordinates": [ -50.221630555555556, -29.986763888888891 ] } },
{ "type": "Feature", "properties": { "index": 167, "faixa_img": 6, "numero_img": 256, "nome_img": "MULTICAPTURA_5820_000256", "time_img": 1745427573, "long_img": -50.22173055555556, "lat_img": -29.986761111111111, "ele_img": 19.2 }, "geometry": { "type": "Point", "coordinates": [ -50.22173055555556, -29.986761111111111 ] } },
{ "type": "Feature", "properties": { "index": 169, "faixa_img": 6, "numero_img": 259, "nome_img": "MULTICAPTURA_5820_000259", "time_img": 1745427579, "long_img": -50.221919444444445, "lat_img": -29.986797222222222, "ele_img": 20.0 }, "geometry": { "type": "Point", "coordinates": [ -50.221919444444445, -29.986797222222222 ] } },
{ "type": "Feature", "properties": { "index": 170, "faixa_img": 7, "numero_img": 266, "nome_img": "MULTICAPTURA_5820_000266", "time_img": 1745427593, "long_img": -50.221186111111116, "lat_img": -29.986841666666667, "ele_img": 15.3 }, "geometry": { "type": "Point", "coordinates": [ -50.221186111111116, -29.986841666666667 ] } },
{ "type": "Feature", "properties": { "index": 171, "faixa_img": 7, "numero_img": 267, "nome_img": "MULTICAPTURA_5820_000267", "time_img": 1745427595, "long_img": -50.221111111111114, "lat_img": -29.986908333333336, "ele_img": 14.9 }, "geometry": { "type": "Point", "coordinates": [ -50.221111111111114, -29.986908333333336 ] } },
{ "type": "Feature", "properties": { "index": 172, "faixa_img": 7, "numero_img": 268, "nome_img": "MULTICAPTURA_5820_000268", "time_img": 1745427597, "long_img": -50.221061111111112, "lat_img": -29.987002777777779, "ele_img": 14.5 }, "geometry": { "type": "Point", "coordinates": [ -50.221061111111112, -29.987002777777779 ] } },
{ "type": "Feature", "properties": { "index": 173, "faixa_img": 7, "numero_img": 269, "nome_img": "MULTICAPTURA_5820_000269", "time_img": 1745427599, "long_img": -50.221030555555558, "lat_img": -29.987108333333335, "ele_img": 14.2 }, "geometry": { "type": "Point", "coordinates": [ -50.221030555555558, -29.987108333333335 ] } },
{ "type": "Feature", "properties": { "index": 174, "faixa_img": 7, "numero_img": 270, "nome_img": "MULTICAPTURA_5820_000270", "time_img": 1745427601, "long_img": -50.221044444444445, "lat_img": -29.987216666666669, "ele_img": 14.0 }, "geometry": { "type": "Point", "coordinates": [ -50.221044444444445, -29.987216666666669 ] } },
{ "type": "Feature", "properties": { "index": 175, "faixa_img": 7, "numero_img": 273, "nome_img": "MULTICAPTURA_5820_000273", "time_img": 1745427607, "long_img": -50.221275, "lat_img": -29.987430555555555, "ele_img": 13.1 }, "geometry": { "type": "Point", "coordinates": [ -50.221275, -29.987430555555555 ] } },
{ "type": "Feature", "properties": { "index": 177, "faixa_img": 7, "numero_img": 275, "nome_img": "MULTICAPTURA_5820_000275", "time_img": 1745427611, "long_img": -50.221425, "lat_img": -29.987472222222223, "ele_img": 13.7 }, "geometry": { "type": "Point", "coordinates": [ -50.221425, -29.987472222222223 ] } },
{ "type": "Feature", "properties": { "index": 178, "faixa_img": 7, "numero_img": 280, "nome_img": "MULTICAPTURA_5820_000280", "time_img": 1745427621, "long_img": -50.221697222222225, "lat_img": -29.987516666666668, "ele_img": 14.1 }, "geometry": { "type": "Point", "coordinates": [ -50.221697222222225, -29.987516666666668 ] } },
{ "type": "Feature", "properties": { "index": 180, "faixa_img": 8, "numero_img": 290, "nome_img": "MULTICAPTURA_5820_000290", "time_img": 1745427641, "long_img": -50.220391666666671, "lat_img": -29.987791666666666, "ele_img": 13.3 }, "geometry": { "type": "Point", "coordinates": [ -50.220391666666671, -29.987791666666666 ] } },
{ "type": "Feature", "properties": { "index": 181, "faixa_img": 8, "numero_img": 295, "nome_img": "MULTICAPTURA_5820_000295", "time_img": 1745427651, "long_img": -50.220608333333338, "lat_img": -29.987755555555555, "ele_img": 13.7 }, "geometry": { "type": "Point", "coordinates": [ -50.220608333333338, -29.987755555555555 ] } },
{ "type": "Feature", "properties": { "index": 183, "faixa_img": 8, "numero_img": 297, "nome_img": "MULTICAPTURA_5820_000297", "time_img": 1745427655, "long_img": -50.220733333333335, "lat_img": -29.987736111111111, "ele_img": 14.1 }, "geometry": { "type": "Point", "coordinates": [ -50.220733333333335, -29.987736111111111 ] } },
{ "type": "Feature", "properties": { "index": 185, "faixa_img": 8, "numero_img": 313, "nome_img": "MULTICAPTURA_5820_000313", "time_img": 1745427687, "long_img": -50.220772222222223, "lat_img": -29.987880555555556, "ele_img": 14.6 }, "geometry": { "type": "Point", "coordinates": [ -50.220772222222223, -29.987880555555556 ] } },
{ "type": "Feature", "properties": { "index": 186, "faixa_img": 8, "numero_img": 316, "nome_img": "MULTICAPTURA_5820_000316", "time_img": 1745427693, "long_img": -50.220783333333337, "lat_img": -29.988069444444445, "ele_img": 14.8 }, "geometry": { "type": "Point", "coordinates": [ -50.220783333333337, -29.988069444444445 ] } },
{ "type": "Feature", "properties": { "index": 188, "faixa_img": 8, "numero_img": 318, "nome_img": "MULTICAPTURA_5820_000318", "time_img": 1745427697, "long_img": -50.22078888888889, "lat_img": -29.988202777777779, "ele_img": 14.8 }, "geometry": { "type": "Point", "coordinates": [ -50.22078888888889, -29.988202777777779 ] } },
{ "type": "Feature", "properties": { "index": 190, "faixa_img": 8, "numero_img": 320, "nome_img": "MULTICAPTURA_5820_000320", "time_img": 1745427701, "long_img": -50.22078888888889, "lat_img": -29.988358333333334, "ele_img": 14.5 }, "geometry": { "type": "Point", "coordinates": [ -50.22078888888889, -29.988358333333334 ] } },
{ "type": "Feature", "properties": { "index": 192, "faixa_img": 8, "numero_img": 322, "nome_img": "MULTICAPTURA_5820_000322", "time_img": 1745427705, "long_img": -50.220772222222223, "lat_img": -29.988536111111113, "ele_img": 14.5 }, "geometry": { "type": "Point", "coordinates": [ -50.220772222222223, -29.988536111111113 ] } },
{ "type": "Feature", "properties": { "index": 193, "faixa_img": 8, "numero_img": 324, "nome_img": "MULTICAPTURA_5820_000324", "time_img": 1745427709, "long_img": -50.220730555555555, "lat_img": -29.988672222222224, "ele_img": 14.0 }, "geometry": { "type": "Point", "coordinates": [ -50.220730555555555, -29.988672222222224 ] } },
{ "type": "Feature", "properties": { "index": 195, "faixa_img": 8, "numero_img": 326, "nome_img": "MULTICAPTURA_5820_000326", "time_img": 1745427713, "long_img": -50.220708333333334, "lat_img": -29.988819444444445, "ele_img": 14.1 }, "geometry": { "type": "Point", "coordinates": [ -50.220708333333334, -29.988819444444445 ] } },
{ "type": "Feature", "properties": { "index": 196, "faixa_img": 8, "numero_img": 328, "nome_img": "MULTICAPTURA_5820_000328", "time_img": 1745427717, "long_img": -50.220694444444447, "lat_img": -29.988969444444447, "ele_img": 14.1 }, "geometry": { "type": "Point", "coordinates": [ -50.220694444444447, -29.988969444444447 ] } },
{ "type": "Feature", "properties": { "index": 198, "faixa_img": 8, "numero_img": 331, "nome_img": "MULTICAPTURA_5820_000331", "time_img": 1745427723, "long_img": -50.220658333333333, "lat_img": -29.989166666666666, "ele_img": 14.2 }, "geometry": { "type": "Point", "coordinates": [ -50.220658333333333, -29.989166666666666 ] } },
{ "type": "Feature", "properties": { "index": 199, "faixa_img": 8, "numero_img": 335, "nome_img": "MULTICAPTURA_5820_000335", "time_img": 1745427731, "long_img": -50.220636111111112, "lat_img": -29.989483333333336, "ele_img": 13.8 }, "geometry": { "type": "Point", "coordinates": [ -50.220636111111112, -29.989483333333336 ] } },
{ "type": "Feature", "properties": { "index": 201, "faixa_img": 8, "numero_img": 337, "nome_img": "MULTICAPTURA_5820_000337", "time_img": 1745427735, "long_img": -50.220616666666672, "lat_img": -29.989675, "ele_img": 14.6 }, "geometry": { "type": "Point", "coordinates": [ -50.220616666666672, -29.989675 ] } },
{ "type": "Feature", "properties": { "index": 203, "faixa_img": 8, "numero_img": 339, "nome_img": "MULTICAPTURA_5820_000339", "time_img": 1745427739, "long_img": -50.220608333333338, "lat_img": -29.989833333333333, "ele_img": 16.4 }, "geometry": { "type": "Point", "coordinates": [ -50.220608333333338, -29.989833333333333 ] } },
{ "type": "Feature", "properties": { "index": 205, "faixa_img": 8, "numero_img": 341, "nome_img": "MULTICAPTURA_5820_000341", "time_img": 1745427743, "long_img": -50.220577777777777, "lat_img": -29.990005555555555, "ele_img": 14.8 }, "geometry": { "type": "Point", "coordinates": [ -50.220577777777777, -29.990005555555555 ] } },
{ "type": "Feature", "properties": { "index": 206, "faixa_img": 8, "numero_img": 345, "nome_img": "MULTICAPTURA_5820_000345", "time_img": 1745427751, "long_img": -50.220533333333336, "lat_img": -29.990316666666669, "ele_img": 19.4 }, "geometry": { "type": "Point", "coordinates": [ -50.220533333333336, -29.990316666666669 ] } },
{ "type": "Feature", "properties": { "index": 208, "faixa_img": 8, "numero_img": 347, "nome_img": "MULTICAPTURA_5820_000347", "time_img": 1745427755, "long_img": -50.220511111111115, "lat_img": -29.990469444444447, "ele_img": 19.1 }, "geometry": { "type": "Point", "coordinates": [ -50.220511111111115, -29.990469444444447 ] } },
{ "type": "Feature", "properties": { "index": 210, "faixa_img": 8, "numero_img": 349, "nome_img": "MULTICAPTURA_5820_000349", "time_img": 1745427759, "long_img": -50.220483333333334, "lat_img": -29.990644444444445, "ele_img": 19.8 }, "geometry": { "type": "Point", "coordinates": [ -50.220483333333334, -29.990644444444445 ] } },
{ "type": "Feature", "properties": { "index": 212, "faixa_img": 8, "numero_img": 351, "nome_img": "MULTICAPTURA_5820_000351", "time_img": 1745427763, "long_img": -50.220491666666668, "lat_img": -29.990786111111113, "ele_img": 24.5 }, "geometry": { "type": "Point", "coordinates": [ -50.220491666666668, -29.990786111111113 ] } },
{ "type": "Feature", "properties": { "index": 213, "faixa_img": 8, "numero_img": 354, "nome_img": "MULTICAPTURA_5820_000354", "time_img": 1745427769, "long_img": -50.220475, "lat_img": -29.991038888888891, "ele_img": 28.1 }, "geometry": { "type": "Point", "coordinates": [ -50.220475, -29.991038888888891 ] } },
{ "type": "Feature", "properties": { "index": 215, "faixa_img": 8, "numero_img": 356, "nome_img": "MULTICAPTURA_5820_000356", "time_img": 1745427773, "long_img": -50.220458333333333, "lat_img": -29.991172222222222, "ele_img": 29.5 }, "geometry": { "type": "Point", "coordinates": [ -50.220458333333333, -29.991172222222222 ] } },
{ "type": "Feature", "properties": { "index": 216, "faixa_img": 8, "numero_img": 364, "nome_img": "MULTICAPTURA_5820_000364", "time_img": 1745427789, "long_img": -50.220438888888893, "lat_img": -29.991283333333335, "ele_img": 27.8 }, "geometry": { "type": "Point", "coordinates": [ -50.220438888888893, -29.991283333333335 ] } },
{ "type": "Feature", "properties": { "index": 217, "faixa_img": 8, "numero_img": 368, "nome_img": "MULTICAPTURA_5820_000368", "time_img": 1745427797, "long_img": -50.220441666666666, "lat_img": -29.991461111111111, "ele_img": 27.4 }, "geometry": { "type": "Point", "coordinates": [ -50.220441666666666, -29.991461111111111 ] } },
{ "type": "Feature", "properties": { "index": 218, "faixa_img": 8, "numero_img": 370, "nome_img": "MULTICAPTURA_5820_000370", "time_img": 1745427801, "long_img": -50.220436111111113, "lat_img": -29.991622222222222, "ele_img": 32.9 }, "geometry": { "type": "Point", "coordinates": [ -50.220436111111113, -29.991622222222222 ] } },
{ "type": "Feature", "properties": { "index": 219, "faixa_img": 8, "numero_img": 372, "nome_img": "MULTICAPTURA_5820_000372", "time_img": 1745427805, "long_img": -50.22045555555556, "lat_img": -29.991780555555557, "ele_img": 37.6 }, "geometry": { "type": "Point", "coordinates": [ -50.22045555555556, -29.991780555555557 ] } },
{ "type": "Feature", "properties": { "index": 221, "faixa_img": 8, "numero_img": 376, "nome_img": "MULTICAPTURA_5820_000376", "time_img": 1745427813, "long_img": -50.220447222222226, "lat_img": -29.992069444444446, "ele_img": 41.6 }, "geometry": { "type": "Point", "coordinates": [ -50.220447222222226, -29.992069444444446 ] } },
{ "type": "Feature", "properties": { "index": 222, "faixa_img": 8, "numero_img": 378, "nome_img": "MULTICAPTURA_5820_000378", "time_img": 1745427817, "long_img": -50.220436111111113, "lat_img": -29.9922, "ele_img": 44.8 }, "geometry": { "type": "Point", "coordinates": [ -50.220436111111113, -29.9922 ] } },
{ "type": "Feature", "properties": { "index": 223, "faixa_img": 9, "numero_img": 386, "nome_img": "MULTICAPTURA_5820_000386", "time_img": 1745427833, "long_img": -50.220388888888891, "lat_img": -29.992861111111111, "ele_img": 50.8 }, "geometry": { "type": "Point", "coordinates": [ -50.220388888888891, -29.992861111111111 ] } },
{ "type": "Feature", "properties": { "index": 225, "faixa_img": 9, "numero_img": 411, "nome_img": "MULTICAPTURA_5820_000411", "time_img": 1745427883, "long_img": -50.220391666666671, "lat_img": -29.992719444444447, "ele_img": 24.4 }, "geometry": { "type": "Point", "coordinates": [ -50.220391666666671, -29.992719444444447 ] } },
{ "type": "Feature", "properties": { "index": 227, "faixa_img": 9, "numero_img": 413, "nome_img": "MULTICAPTURA_5820_000413", "time_img": 1745427887, "long_img": -50.220402777777778, "lat_img": -29.992597222222223, "ele_img": 18.2 }, "geometry": { "type": "Point", "coordinates": [ -50.220402777777778, -29.992597222222223 ] } },
{ "type": "Feature", "properties": { "index": 229, "faixa_img": 9, "numero_img": 415, "nome_img": "MULTICAPTURA_5820_000415", "time_img": 1745427891, "long_img": -50.220397222222225, "lat_img": -29.992458333333335, "ele_img": 11.9 }, "geometry": { "type": "Point", "coordinates": [ -50.220397222222225, -29.992458333333335 ] } },
{ "type": "Feature", "properties": { "index": 231, "faixa_img": 9, "numero_img": 417, "nome_img": "MULTICAPTURA_5820_000417", "time_img": 1745427895, "long_img": -50.220397222222225, "lat_img": -29.992338888888892, "ele_img": 1.4 }, "geometry": { "type": "Point", "coordinates": [ -50.220397222222225, -29.992338888888892 ] } },
{ "type": "Feature", "properties": { "index": 235, "faixa_img": 13, "numero_img": 475, "nome_img": "MULTICAPTURA_5820_000475", "time_img": 1745428011, "long_img": -50.219472222222223, "lat_img": -29.98795, "ele_img": 14.7 }, "geometry": { "type": "Point", "coordinates": [ -50.219472222222223, -29.98795 ] } },
{ "type": "Feature", "properties": { "index": 236, "faixa_img": 13, "numero_img": 476, "nome_img": "MULTICAPTURA_5820_000476", "time_img": 1745428013, "long_img": -50.219313888888891, "lat_img": -29.987983333333336, "ele_img": 14.8 }, "geometry": { "type": "Point", "coordinates": [ -50.219313888888891, -29.987983333333336 ] } },
{ "type": "Feature", "properties": { "index": 237, "faixa_img": 13, "numero_img": 478, "nome_img": "MULTICAPTURA_5820_000478", "time_img": 1745428017, "long_img": -50.219005555555555, "lat_img": -29.988016666666667, "ele_img": 15.0 }, "geometry": { "type": "Point", "coordinates": [ -50.219005555555555, -29.988016666666667 ] } },
{ "type": "Feature", "properties": { "index": 238, "faixa_img": 13, "numero_img": 485, "nome_img": "MULTICAPTURA_5820_000485", "time_img": 1745428031, "long_img": -50.218961111111113, "lat_img": -29.988119444444447, "ele_img": 14.4 }, "geometry": { "type": "Point", "coordinates": [ -50.218961111111113, -29.988119444444447 ] } },
{ "type": "Feature", "properties": { "index": 240, "faixa_img": 13, "numero_img": 487, "nome_img": "MULTICAPTURA_5820_000487", "time_img": 1745428035, "long_img": -50.218972222222227, "lat_img": -29.988244444444444, "ele_img": 15.2 }, "geometry": { "type": "Point", "coordinates": [ -50.218972222222227, -29.988244444444444 ] } },
{ "type": "Feature", "properties": { "index": 242, "faixa_img": 13, "numero_img": 489, "nome_img": "MULTICAPTURA_5820_000489", "time_img": 1745428039, "long_img": -50.219077777777777, "lat_img": -29.988366666666668, "ele_img": 14.5 }, "geometry": { "type": "Point", "coordinates": [ -50.219077777777777, -29.988366666666668 ] } },
{ "type": "Feature", "properties": { "index": 244, "faixa_img": 13, "numero_img": 496, "nome_img": "MULTICAPTURA_5820_000496", "time_img": 1745428053, "long_img": -50.219152777777779, "lat_img": -29.988505555555555, "ele_img": 14.5 }, "geometry": { "type": "Point", "coordinates": [ -50.219152777777779, -29.988505555555555 ] } },
{ "type": "Feature", "properties": { "index": 247, "faixa_img": 13, "numero_img": 499, "nome_img": "MULTICAPTURA_5820_000499", "time_img": 1745428059, "long_img": -50.219052777777783, "lat_img": -29.988594444444445, "ele_img": 15.0 }, "geometry": { "type": "Point", "coordinates": [ -50.219052777777783, -29.988594444444445 ] } },
{ "type": "Feature", "properties": { "index": 250, "faixa_img": 13, "numero_img": 509, "nome_img": "MULTICAPTURA_5820_000509", "time_img": 1745428079, "long_img": -50.218869444444444, "lat_img": -29.988686111111111, "ele_img": 19.3 }, "geometry": { "type": "Point", "coordinates": [ -50.218869444444444, -29.988686111111111 ] } },
{ "type": "Feature", "properties": { "index": 251, "faixa_img": 13, "numero_img": 513, "nome_img": "MULTICAPTURA_5820_000513", "time_img": 1745428087, "long_img": -50.218766666666667, "lat_img": -29.988641666666666, "ele_img": 21.0 }, "geometry": { "type": "Point", "coordinates": [ -50.218766666666667, -29.988641666666666 ] } },
{ "type": "Feature", "properties": { "index": 253, "faixa_img": 13, "numero_img": 515, "nome_img": "MULTICAPTURA_5820_000515", "time_img": 1745428091, "long_img": -50.21865, "lat_img": -29.988591666666668, "ele_img": 20.3 }, "geometry": { "type": "Point", "coordinates": [ -50.21865, -29.988591666666668 ] } },
{ "type": "Feature", "properties": { "index": 255, "faixa_img": 13, "numero_img": 517, "nome_img": "MULTICAPTURA_5820_000517", "time_img": 1745428095, "long_img": -50.218538888888894, "lat_img": -29.988583333333334, "ele_img": 20.5 }, "geometry": { "type": "Point", "coordinates": [ -50.218538888888894, -29.988583333333334 ] } },
{ "type": "Feature", "properties": { "index": 257, "faixa_img": 13, "numero_img": 519, "nome_img": "MULTICAPTURA_5820_000519", "time_img": 1745428099, "long_img": -50.218411111111116, "lat_img": -29.988644444444446, "ele_img": 18.6 }, "geometry": { "type": "Point", "coordinates": [ -50.218411111111116, -29.988644444444446 ] } },
{ "type": "Feature", "properties": { "index": 259, "faixa_img": 13, "numero_img": 521, "nome_img": "MULTICAPTURA_5820_000521", "time_img": 1745428103, "long_img": -50.218297222222226, "lat_img": -29.988725, "ele_img": 17.3 }, "geometry": { "type": "Point", "coordinates": [ -50.218297222222226, -29.988725 ] } },
{ "type": "Feature", "properties": { "index": 261, "faixa_img": 13, "numero_img": 523, "nome_img": "MULTICAPTURA_5820_000523", "time_img": 1745428107, "long_img": -50.218161111111115, "lat_img": -29.988738888888889, "ele_img": 16.9 }, "geometry": { "type": "Point", "coordinates": [ -50.218161111111115, -29.988738888888889 ] } },
{ "type": "Feature", "properties": { "index": 263, "faixa_img": 13, "numero_img": 525, "nome_img": "MULTICAPTURA_5820_000525", "time_img": 1745428111, "long_img": -50.218055555555559, "lat_img": -29.988683333333334, "ele_img": 18.1 }, "geometry": { "type": "Point", "coordinates": [ -50.218055555555559, -29.988683333333334 ] } },
{ "type": "Feature", "properties": { "index": 265, "faixa_img": 13, "numero_img": 527, "nome_img": "MULTICAPTURA_5820_000527", "time_img": 1745428115, "long_img": -50.217955555555555, "lat_img": -29.9886, "ele_img": 18.4 }, "geometry": { "type": "Point", "coordinates": [ -50.217955555555555, -29.9886 ] } },
{ "type": "Feature", "properties": { "index": 267, "faixa_img": 13, "numero_img": 529, "nome_img": "MULTICAPTURA_5820_000529", "time_img": 1745428119, "long_img": -50.217833333333338, "lat_img": -29.988491666666668, "ele_img": 18.8 }, "geometry": { "type": "Point", "coordinates": [ -50.217833333333338, -29.988491666666668 ] } },
{ "type": "Feature", "properties": { "index": 269, "faixa_img": 13, "numero_img": 531, "nome_img": "MULTICAPTURA_5820_000531", "time_img": 1745428123, "long_img": -50.217741666666669, "lat_img": -29.988344444444447, "ele_img": 18.4 }, "geometry": { "type": "Point", "coordinates": [ -50.217741666666669, -29.988344444444447 ] } },
{ "type": "Feature", "properties": { "index": 271, "faixa_img": 13, "numero_img": 533, "nome_img": "MULTICAPTURA_5820_000533", "time_img": 1745428127, "long_img": -50.217683333333333, "lat_img": -29.988211111111113, "ele_img": 17.2 }, "geometry": { "type": "Point", "coordinates": [ -50.217683333333333, -29.988211111111113 ] } },
{ "type": "Feature", "properties": { "index": 272, "faixa_img": 13, "numero_img": 539, "nome_img": "MULTICAPTURA_5820_000539", "time_img": 1745428139, "long_img": -50.217655555555559, "lat_img": -29.98810277777778, "ele_img": 14.8 }, "geometry": { "type": "Point", "coordinates": [ -50.217655555555559, -29.98810277777778 ] } },
{ "type": "Feature", "properties": { "index": 274, "faixa_img": 13, "numero_img": 541, "nome_img": "MULTICAPTURA_5820_000541", "time_img": 1745428143, "long_img": -50.217666666666666, "lat_img": -29.987986111111113, "ele_img": 13.5 }, "geometry": { "type": "Point", "coordinates": [ -50.217666666666666, -29.987986111111113 ] } },
{ "type": "Feature", "properties": { "index": 276, "faixa_img": 13, "numero_img": 543, "nome_img": "MULTICAPTURA_5820_000543", "time_img": 1745428147, "long_img": -50.217675, "lat_img": -29.987877777777779, "ele_img": 12.3 }, "geometry": { "type": "Point", "coordinates": [ -50.217675, -29.987877777777779 ] } },
{ "type": "Feature", "properties": { "index": 278, "faixa_img": 13, "numero_img": 545, "nome_img": "MULTICAPTURA_5820_000545", "time_img": 1745428151, "long_img": -50.217705555555554, "lat_img": -29.987775, "ele_img": 12.7 }, "geometry": { "type": "Point", "coordinates": [ -50.217705555555554, -29.987775 ] } },
{ "type": "Feature", "properties": { "index": 280, "faixa_img": 13, "numero_img": 547, "nome_img": "MULTICAPTURA_5820_000547", "time_img": 1745428155, "long_img": -50.21776944444445, "lat_img": -29.987663888888889, "ele_img": 13.0 }, "geometry": { "type": "Point", "coordinates": [ -50.21776944444445, -29.987663888888889 ] } },
{ "type": "Feature", "properties": { "index": 281, "faixa_img": 13, "numero_img": 550, "nome_img": "MULTICAPTURA_5820_000550", "time_img": 1745428161, "long_img": -50.217705555555554, "lat_img": -29.987552777777779, "ele_img": 13.1 }, "geometry": { "type": "Point", "coordinates": [ -50.217705555555554, -29.987552777777779 ] } },
{ "type": "Feature", "properties": { "index": 283, "faixa_img": 13, "numero_img": 552, "nome_img": "MULTICAPTURA_5820_000552", "time_img": 1745428165, "long_img": -50.217555555555556, "lat_img": -29.987497222222224, "ele_img": 13.2 }, "geometry": { "type": "Point", "coordinates": [ -50.217555555555556, -29.987497222222224 ] } },
{ "type": "Feature", "properties": { "index": 284, "faixa_img": 13, "numero_img": 553, "nome_img": "MULTICAPTURA_5820_000553", "time_img": 1745428167, "long_img": -50.217444444444446, "lat_img": -29.987455555555556, "ele_img": 13.3 }, "geometry": { "type": "Point", "coordinates": [ -50.217444444444446, -29.987455555555556 ] } },
{ "type": "Feature", "properties": { "index": 286, "faixa_img": 13, "numero_img": 559, "nome_img": "MULTICAPTURA_5820_000559", "time_img": 1745428179, "long_img": -50.217202777777779, "lat_img": -29.98736388888889, "ele_img": 13.6 }, "geometry": { "type": "Point", "coordinates": [ -50.217202777777779, -29.98736388888889 ] } },
{ "type": "Feature", "properties": { "index": 287, "faixa_img": 13, "numero_img": 560, "nome_img": "MULTICAPTURA_5820_000560", "time_img": 1745428181, "long_img": -50.217102777777782, "lat_img": -29.987322222222222, "ele_img": 13.8 }, "geometry": { "type": "Point", "coordinates": [ -50.217102777777782, -29.987322222222222 ] } },
{ "type": "Feature", "properties": { "index": 288, "faixa_img": 13, "numero_img": 561, "nome_img": "MULTICAPTURA_5820_000561", "time_img": 1745428183, "long_img": -50.216994444444445, "lat_img": -29.987269444444447, "ele_img": 13.9 }, "geometry": { "type": "Point", "coordinates": [ -50.216994444444445, -29.987269444444447 ] } },
{ "type": "Feature", "properties": { "index": 289, "faixa_img": 13, "numero_img": 562, "nome_img": "MULTICAPTURA_5820_000562", "time_img": 1745428185, "long_img": -50.216880555555555, "lat_img": -29.987213888888888, "ele_img": 14.1 }, "geometry": { "type": "Point", "coordinates": [ -50.216880555555555, -29.987213888888888 ] } },
{ "type": "Feature", "properties": { "index": 290, "faixa_img": 13, "numero_img": 563, "nome_img": "MULTICAPTURA_5820_000563", "time_img": 1745428187, "long_img": -50.216775, "lat_img": -29.987172222222224, "ele_img": 14.2 }, "geometry": { "type": "Point", "coordinates": [ -50.216775, -29.987172222222224 ] } },
{ "type": "Feature", "properties": { "index": 291, "faixa_img": 13, "numero_img": 564, "nome_img": "MULTICAPTURA_5820_000564", "time_img": 1745428189, "long_img": -50.216641666666668, "lat_img": -29.987105555555555, "ele_img": 14.3 }, "geometry": { "type": "Point", "coordinates": [ -50.216641666666668, -29.987105555555555 ] } },
{ "type": "Feature", "properties": { "index": 292, "faixa_img": 13, "numero_img": 565, "nome_img": "MULTICAPTURA_5820_000565", "time_img": 1745428191, "long_img": -50.216508333333337, "lat_img": -29.987036111111113, "ele_img": 14.4 }, "geometry": { "type": "Point", "coordinates": [ -50.216508333333337, -29.987036111111113 ] } },
{ "type": "Feature", "properties": { "index": 293, "faixa_img": 13, "numero_img": 566, "nome_img": "MULTICAPTURA_5820_000566", "time_img": 1745428193, "long_img": -50.216363888888893, "lat_img": -29.986955555555557, "ele_img": 14.6 }, "geometry": { "type": "Point", "coordinates": [ -50.216363888888893, -29.986955555555557 ] } },
{ "type": "Feature", "properties": { "index": 294, "faixa_img": 13, "numero_img": 567, "nome_img": "MULTICAPTURA_5820_000567", "time_img": 1745428195, "long_img": -50.216216666666668, "lat_img": -29.986863888888891, "ele_img": 14.8 }, "geometry": { "type": "Point", "coordinates": [ -50.216216666666668, -29.986863888888891 ] } },
{ "type": "Feature", "properties": { "index": 295, "faixa_img": 14, "numero_img": 17, "nome_img": "MULTICAPTURA_6430_000017", "time_img": 1745428725, "long_img": -50.215652777777784, "lat_img": -29.986608333333333, "ele_img": 12.7 }, "geometry": { "type": "Point", "coordinates": [ -50.215652777777784, -29.986608333333333 ] } },
{ "type": "Feature", "properties": { "index": 297, "faixa_img": 14, "numero_img": 19, "nome_img": "MULTICAPTURA_6430_000019", "time_img": 1745428729, "long_img": -50.215491666666672, "lat_img": -29.986622222222223, "ele_img": 12.8 }, "geometry": { "type": "Point", "coordinates": [ -50.215491666666672, -29.986622222222223 ] } },
{ "type": "Feature", "properties": { "index": 299, "faixa_img": 14, "numero_img": 21, "nome_img": "MULTICAPTURA_6430_000021", "time_img": 1745428733, "long_img": -50.21533055555556, "lat_img": -29.98662777777778, "ele_img": 13.0 }, "geometry": { "type": "Point", "coordinates": [ -50.21533055555556, -29.98662777777778 ] } },
{ "type": "Feature", "properties": { "index": 301, "faixa_img": 14, "numero_img": 23, "nome_img": "MULTICAPTURA_6430_000023", "time_img": 1745428737, "long_img": -50.215177777777782, "lat_img": -29.986644444444444, "ele_img": 13.2 }, "geometry": { "type": "Point", "coordinates": [ -50.215177777777782, -29.986644444444444 ] } },
{ "type": "Feature", "properties": { "index": 303, "faixa_img": 14, "numero_img": 25, "nome_img": "MULTICAPTURA_6430_000025", "time_img": 1745428741, "long_img": -50.21501388888889, "lat_img": -29.98665, "ele_img": 13.3 }, "geometry": { "type": "Point", "coordinates": [ -50.21501388888889, -29.98665 ] } },
{ "type": "Feature", "properties": { "index": 305, "faixa_img": 14, "numero_img": 27, "nome_img": "MULTICAPTURA_6430_000027", "time_img": 1745428745, "long_img": -50.214858333333339, "lat_img": -29.986647222222224, "ele_img": 13.6 }, "geometry": { "type": "Point", "coordinates": [ -50.214858333333339, -29.986647222222224 ] } },
{ "type": "Feature", "properties": { "index": 307, "faixa_img": 14, "numero_img": 29, "nome_img": "MULTICAPTURA_6430_000029", "time_img": 1745428749, "long_img": -50.214747222222222, "lat_img": -29.98663611111111, "ele_img": 13.4 }, "geometry": { "type": "Point", "coordinates": [ -50.214747222222222, -29.98663611111111 ] } },
{ "type": "Feature", "properties": { "index": 309, "faixa_img": 14, "numero_img": 31, "nome_img": "MULTICAPTURA_6430_000031", "time_img": 1745428753, "long_img": -50.214616666666672, "lat_img": -29.986644444444444, "ele_img": 13.4 }, "geometry": { "type": "Point", "coordinates": [ -50.214616666666672, -29.986644444444444 ] } },
{ "type": "Feature", "properties": { "index": 311, "faixa_img": 14, "numero_img": 33, "nome_img": "MULTICAPTURA_6430_000033", "time_img": 1745428757, "long_img": -50.214480555555561, "lat_img": -29.98663611111111, "ele_img": 13.0 }, "geometry": { "type": "Point", "coordinates": [ -50.214480555555561, -29.98663611111111 ] } },
{ "type": "Feature", "properties": { "index": 313, "faixa_img": 14, "numero_img": 35, "nome_img": "MULTICAPTURA_6430_000035", "time_img": 1745428761, "long_img": -50.214325, "lat_img": -29.98662777777778, "ele_img": 12.4 }, "geometry": { "type": "Point", "coordinates": [ -50.214325, -29.98662777777778 ] } },
{ "type": "Feature", "properties": { "index": 315, "faixa_img": 14, "numero_img": 37, "nome_img": "MULTICAPTURA_6430_000037", "time_img": 1745428765, "long_img": -50.214161111111117, "lat_img": -29.986630555555557, "ele_img": 12.6 }, "geometry": { "type": "Point", "coordinates": [ -50.214161111111117, -29.986630555555557 ] } },
{ "type": "Feature", "properties": { "index": 317, "faixa_img": 14, "numero_img": 39, "nome_img": "MULTICAPTURA_6430_000039", "time_img": 1745428769, "long_img": -50.213991666666672, "lat_img": -29.986619444444447, "ele_img": 10.7 }, "geometry": { "type": "Point", "coordinates": [ -50.213991666666672, -29.986619444444447 ] } },
{ "type": "Feature", "properties": { "index": 319, "faixa_img": 14, "numero_img": 41, "nome_img": "MULTICAPTURA_6430_000041", "time_img": 1745428773, "long_img": -50.213794444444446, "lat_img": -29.986608333333333, "ele_img": 10.4 }, "geometry": { "type": "Point", "coordinates": [ -50.213794444444446, -29.986608333333333 ] } },
{ "type": "Feature", "properties": { "index": 321, "faixa_img": 14, "numero_img": 43, "nome_img": "MULTICAPTURA_6430_000043", "time_img": 1745428777, "long_img": -50.213594444444446, "lat_img": -29.986597222222223, "ele_img": 9.6 }, "geometry": { "type": "Point", "coordinates": [ -50.213594444444446, -29.986597222222223 ] } },
{ "type": "Feature", "properties": { "index": 322, "faixa_img": 14, "numero_img": 44, "nome_img": "MULTICAPTURA_6430_000044", "time_img": 1745428779, "long_img": -50.21349444444445, "lat_img": -29.986594444444446, "ele_img": 8.8 }, "geometry": { "type": "Point", "coordinates": [ -50.21349444444445, -29.986594444444446 ] } },
{ "type": "Feature", "properties": { "index": 324, "faixa_img": 14, "numero_img": 46, "nome_img": "MULTICAPTURA_6430_000046", "time_img": 1745428783, "long_img": -50.213286111111117, "lat_img": -29.986597222222223, "ele_img": 7.5 }, "geometry": { "type": "Point", "coordinates": [ -50.213286111111117, -29.986597222222223 ] } },
{ "type": "Feature", "properties": { "index": 326, "faixa_img": 14, "numero_img": 48, "nome_img": "MULTICAPTURA_6430_000048", "time_img": 1745428787, "long_img": -50.2131, "lat_img": -29.986591666666669, "ele_img": 6.9 }, "geometry": { "type": "Point", "coordinates": [ -50.2131, -29.986591666666669 ] } },
{ "type": "Feature", "properties": { "index": 327, "faixa_img": 14, "numero_img": 49, "nome_img": "MULTICAPTURA_6430_000049", "time_img": 1745428789, "long_img": -50.212991666666667, "lat_img": -29.986594444444446, "ele_img": 6.5 }, "geometry": { "type": "Point", "coordinates": [ -50.212991666666667, -29.986594444444446 ] } },
{ "type": "Feature", "properties": { "index": 329, "faixa_img": 14, "numero_img": 51, "nome_img": "MULTICAPTURA_6430_000051", "time_img": 1745428793, "long_img": -50.212786111111114, "lat_img": -29.986602777777779, "ele_img": 7.3 }, "geometry": { "type": "Point", "coordinates": [ -50.212786111111114, -29.986602777777779 ] } },
{ "type": "Feature", "properties": { "index": 330, "faixa_img": 14, "numero_img": 52, "nome_img": "MULTICAPTURA_6430_000052", "time_img": 1745428795, "long_img": -50.212680555555558, "lat_img": -29.986605555555556, "ele_img": 7.3 }, "geometry": { "type": "Point", "coordinates": [ -50.212680555555558, -29.986605555555556 ] } },
{ "type": "Feature", "properties": { "index": 331, "faixa_img": 14, "numero_img": 53, "nome_img": "MULTICAPTURA_6430_000053", "time_img": 1745428797, "long_img": -50.212577777777781, "lat_img": -29.986605555555556, "ele_img": 7.3 }, "geometry": { "type": "Point", "coordinates": [ -50.212577777777781, -29.986605555555556 ] } },
{ "type": "Feature", "properties": { "index": 332, "faixa_img": 14, "numero_img": 54, "nome_img": "MULTICAPTURA_6430_000054", "time_img": 1745428799, "long_img": -50.212475, "lat_img": -29.986605555555556, "ele_img": 8.3 }, "geometry": { "type": "Point", "coordinates": [ -50.212475, -29.986605555555556 ] } },
{ "type": "Feature", "properties": { "index": 334, "faixa_img": 14, "numero_img": 56, "nome_img": "MULTICAPTURA_6430_000056", "time_img": 1745428803, "long_img": -50.212288888888892, "lat_img": -29.986611111111113, "ele_img": 8.7 }, "geometry": { "type": "Point", "coordinates": [ -50.212288888888892, -29.986611111111113 ] } },
{ "type": "Feature", "properties": { "index": 335, "faixa_img": 14, "numero_img": 57, "nome_img": "MULTICAPTURA_6430_000057", "time_img": 1745428805, "long_img": -50.212177777777782, "lat_img": -29.986619444444447, "ele_img": 9.0 }, "geometry": { "type": "Point", "coordinates": [ -50.212177777777782, -29.986619444444447 ] } },
{ "type": "Feature", "properties": { "index": 337, "faixa_img": 14, "numero_img": 59, "nome_img": "MULTICAPTURA_6430_000059", "time_img": 1745428809, "long_img": -50.21199166666667, "lat_img": -29.986619444444447, "ele_img": 8.3 }, "geometry": { "type": "Point", "coordinates": [ -50.21199166666667, -29.986619444444447 ] } },
{ "type": "Feature", "properties": { "index": 338, "faixa_img": 14, "numero_img": 60, "nome_img": "MULTICAPTURA_6430_000060", "time_img": 1745428811, "long_img": -50.211886111111113, "lat_img": -29.98662777777778, "ele_img": 9.1 }, "geometry": { "type": "Point", "coordinates": [ -50.211886111111113, -29.98662777777778 ] } },
{ "type": "Feature", "properties": { "index": 340, "faixa_img": 14, "numero_img": 62, "nome_img": "MULTICAPTURA_6430_000062", "time_img": 1745428815, "long_img": -50.2117, "lat_img": -29.986630555555557, "ele_img": 9.9 }, "geometry": { "type": "Point", "coordinates": [ -50.2117, -29.986630555555557 ] } },
{ "type": "Feature", "properties": { "index": 342, "faixa_img": 14, "numero_img": 64, "nome_img": "MULTICAPTURA_6430_000064", "time_img": 1745428819, "long_img": -50.211533333333335, "lat_img": -29.986661111111111, "ele_img": 11.1 }, "geometry": { "type": "Point", "coordinates": [ -50.211533333333335, -29.986661111111111 ] } },
{ "type": "Feature", "properties": { "index": 344, "faixa_img": 14, "numero_img": 66, "nome_img": "MULTICAPTURA_6430_000066", "time_img": 1745428823, "long_img": -50.211361111111117, "lat_img": -29.98673888888889, "ele_img": 12.0 }, "geometry": { "type": "Point", "coordinates": [ -50.211361111111117, -29.98673888888889 ] } },
{ "type": "Feature", "properties": { "index": 346, "faixa_img": 14, "numero_img": 68, "nome_img": "MULTICAPTURA_6430_000068", "time_img": 1745428827, "long_img": -50.211166666666671, "lat_img": -29.986791666666669, "ele_img": 13.3 }, "geometry": { "type": "Point", "coordinates": [ -50.211166666666671, -29.986791666666669 ] } },
{ "type": "Feature", "properties": { "index": 347, "faixa_img": 14, "numero_img": 69, "nome_img": "MULTICAPTURA_6430_000069", "time_img": 1745428829, "long_img": -50.211041666666667, "lat_img": -29.986794444444445, "ele_img": 13.8 }, "geometry": { "type": "Point", "coordinates": [ -50.211041666666667, -29.986794444444445 ] } },
{ "type": "Feature", "properties": { "index": 348, "faixa_img": 14, "numero_img": 70, "nome_img": "MULTICAPTURA_6430_000070", "time_img": 1745428831, "long_img": -50.210925, "lat_img": -29.986802777777779, "ele_img": 14.3 }, "geometry": { "type": "Point", "coordinates": [ -50.210925, -29.986802777777779 ] } },
{ "type": "Feature", "properties": { "index": 349, "faixa_img": 14, "numero_img": 71, "nome_img": "MULTICAPTURA_6430_000071", "time_img": 1745428833, "long_img": -50.210825, "lat_img": -29.986811111111113, "ele_img": 14.6 }, "geometry": { "type": "Point", "coordinates": [ -50.210825, -29.986811111111113 ] } },
{ "type": "Feature", "properties": { "index": 350, "faixa_img": 14, "numero_img": 72, "nome_img": "MULTICAPTURA_6430_000072", "time_img": 1745428835, "long_img": -50.2107, "lat_img": -29.986805555555556, "ele_img": 14.9 }, "geometry": { "type": "Point", "coordinates": [ -50.2107, -29.986805555555556 ] } },
{ "type": "Feature", "properties": { "index": 351, "faixa_img": 14, "numero_img": 73, "nome_img": "MULTICAPTURA_6430_000073", "time_img": 1745428837, "long_img": -50.210583333333339, "lat_img": -29.986788888888888, "ele_img": 14.6 }, "geometry": { "type": "Point", "coordinates": [ -50.210583333333339, -29.986788888888888 ] } },
{ "type": "Feature", "properties": { "index": 353, "faixa_img": 14, "numero_img": 84, "nome_img": "MULTICAPTURA_6430_000084", "time_img": 1745428859, "long_img": -50.210325, "lat_img": -29.986772222222225, "ele_img": 18.2 }, "geometry": { "type": "Point", "coordinates": [ -50.210325, -29.986772222222225 ] } },
{ "type": "Feature", "properties": { "index": 355, "faixa_img": 14, "numero_img": 89, "nome_img": "MULTICAPTURA_6430_000089", "time_img": 1745428869, "long_img": -50.210302777777784, "lat_img": -29.986880555555558, "ele_img": 17.2 }, "geometry": { "type": "Point", "coordinates": [ -50.210302777777784, -29.986880555555558 ] } },
{ "type": "Feature", "properties": { "index": 356, "faixa_img": 14, "numero_img": 91, "nome_img": "MULTICAPTURA_6430_000091", "time_img": 1745428873, "long_img": -50.210413888888894, "lat_img": -29.986933333333333, "ele_img": 14.5 }, "geometry": { "type": "Point", "coordinates": [ -50.210413888888894, -29.986933333333333 ] } },
{ "type": "Feature", "properties": { "index": 358, "faixa_img": 14, "numero_img": 93, "nome_img": "MULTICAPTURA_6430_000093", "time_img": 1745428877, "long_img": -50.210561111111112, "lat_img": -29.987005555555555, "ele_img": 13.0 }, "geometry": { "type": "Point", "coordinates": [ -50.210561111111112, -29.987005555555555 ] } },
{ "type": "Feature", "properties": { "index": 360, "faixa_img": 14, "numero_img": 95, "nome_img": "MULTICAPTURA_6430_000095", "time_img": 1745428881, "long_img": -50.21071666666667, "lat_img": -29.987091666666668, "ele_img": 11.1 }, "geometry": { "type": "Point", "coordinates": [ -50.21071666666667, -29.987091666666668 ] } },
{ "type": "Feature", "properties": { "index": 362, "faixa_img": 14, "numero_img": 97, "nome_img": "MULTICAPTURA_6430_000097", "time_img": 1745428885, "long_img": -50.210877777777782, "lat_img": -29.987169444444444, "ele_img": 10.7 }, "geometry": { "type": "Point", "coordinates": [ -50.210877777777782, -29.987169444444444 ] } },
{ "type": "Feature", "properties": { "index": 364, "faixa_img": 14, "numero_img": 99, "nome_img": "MULTICAPTURA_6430_000099", "time_img": 1745428889, "long_img": -50.211041666666667, "lat_img": -29.987222222222222, "ele_img": 10.8 }, "geometry": { "type": "Point", "coordinates": [ -50.211041666666667, -29.987222222222222 ] } },
{ "type": "Feature", "properties": { "index": 366, "faixa_img": 14, "numero_img": 101, "nome_img": "MULTICAPTURA_6430_000101", "time_img": 1745428893, "long_img": -50.211213888888892, "lat_img": -29.987261111111113, "ele_img": 12.3 }, "geometry": { "type": "Point", "coordinates": [ -50.211213888888892, -29.987261111111113 ] } },
{ "type": "Feature", "properties": { "index": 368, "faixa_img": 14, "numero_img": 103, "nome_img": "MULTICAPTURA_6430_000103", "time_img": 1745428897, "long_img": -50.211397222222224, "lat_img": -29.987333333333336, "ele_img": 13.6 }, "geometry": { "type": "Point", "coordinates": [ -50.211397222222224, -29.987333333333336 ] } },
{ "type": "Feature", "properties": { "index": 370, "faixa_img": 14, "numero_img": 105, "nome_img": "MULTICAPTURA_6430_000105", "time_img": 1745428901, "long_img": -50.21158888888889, "lat_img": -29.987413888888891, "ele_img": 14.0 }, "geometry": { "type": "Point", "coordinates": [ -50.21158888888889, -29.987413888888891 ] } },
{ "type": "Feature", "properties": { "index": 371, "faixa_img": 14, "numero_img": 106, "nome_img": "MULTICAPTURA_6430_000106", "time_img": 1745428903, "long_img": -50.21168055555556, "lat_img": -29.987452777777779, "ele_img": 14.1 }, "geometry": { "type": "Point", "coordinates": [ -50.21168055555556, -29.987452777777779 ] } },
{ "type": "Feature", "properties": { "index": 372, "faixa_img": 14, "numero_img": 107, "nome_img": "MULTICAPTURA_6430_000107", "time_img": 1745428905, "long_img": -50.211780555555556, "lat_img": -29.987491666666667, "ele_img": 14.3 }, "geometry": { "type": "Point", "coordinates": [ -50.211780555555556, -29.987491666666667 ] } },
{ "type": "Feature", "properties": { "index": 373, "faixa_img": 14, "numero_img": 108, "nome_img": "MULTICAPTURA_6430_000108", "time_img": 1745428907, "long_img": -50.211872222222226, "lat_img": -29.987530555555555, "ele_img": 14.8 }, "geometry": { "type": "Point", "coordinates": [ -50.211872222222226, -29.987530555555555 ] } },
{ "type": "Feature", "properties": { "index": 375, "faixa_img": 14, "numero_img": 110, "nome_img": "MULTICAPTURA_6430_000110", "time_img": 1745428911, "long_img": -50.212036111111111, "lat_img": -29.987608333333334, "ele_img": 14.6 }, "geometry": { "type": "Point", "coordinates": [ -50.212036111111111, -29.987608333333334 ] } },
{ "type": "Feature", "properties": { "index": 376, "faixa_img": 14, "numero_img": 111, "nome_img": "MULTICAPTURA_6430_000111", "time_img": 1745428913, "long_img": -50.212138888888894, "lat_img": -29.987655555555556, "ele_img": 14.1 }, "geometry": { "type": "Point", "coordinates": [ -50.212138888888894, -29.987655555555556 ] } },
{ "type": "Feature", "properties": { "index": 377, "faixa_img": 14, "numero_img": 112, "nome_img": "MULTICAPTURA_6430_000112", "time_img": 1745428915, "long_img": -50.212241666666671, "lat_img": -29.98770277777778, "ele_img": 14.3 }, "geometry": { "type": "Point", "coordinates": [ -50.212241666666671, -29.98770277777778 ] } },
{ "type": "Feature", "properties": { "index": 379, "faixa_img": 14, "numero_img": 114, "nome_img": "MULTICAPTURA_6430_000114", "time_img": 1745428919, "long_img": -50.212413888888889, "lat_img": -29.98778888888889, "ele_img": 14.8 }, "geometry": { "type": "Point", "coordinates": [ -50.212413888888889, -29.98778888888889 ] } },
{ "type": "Feature", "properties": { "index": 380, "faixa_img": 14, "numero_img": 115, "nome_img": "MULTICAPTURA_6430_000115", "time_img": 1745428921, "long_img": -50.212511111111112, "lat_img": -29.987830555555558, "ele_img": 15.0 }, "geometry": { "type": "Point", "coordinates": [ -50.212511111111112, -29.987830555555558 ] } },
{ "type": "Feature", "properties": { "index": 381, "faixa_img": 14, "numero_img": 116, "nome_img": "MULTICAPTURA_6430_000116", "time_img": 1745428923, "long_img": -50.212613888888889, "lat_img": -29.987866666666669, "ele_img": 15.0 }, "geometry": { "type": "Point", "coordinates": [ -50.212613888888889, -29.987866666666669 ] } },
{ "type": "Feature", "properties": { "index": 382, "faixa_img": 14, "numero_img": 117, "nome_img": "MULTICAPTURA_6430_000117", "time_img": 1745428925, "long_img": -50.212713888888892, "lat_img": -29.987908333333333, "ele_img": 15.2 }, "geometry": { "type": "Point", "coordinates": [ -50.212713888888892, -29.987908333333333 ] } },
{ "type": "Feature", "properties": { "index": 383, "faixa_img": 14, "numero_img": 118, "nome_img": "MULTICAPTURA_6430_000118", "time_img": 1745428927, "long_img": -50.212816666666669, "lat_img": -29.987961111111112, "ele_img": 14.6 }, "geometry": { "type": "Point", "coordinates": [ -50.212816666666669, -29.987961111111112 ] } },
{ "type": "Feature", "properties": { "index": 384, "faixa_img": 14, "numero_img": 119, "nome_img": "MULTICAPTURA_6430_000119", "time_img": 1745428929, "long_img": -50.212919444444445, "lat_img": -29.988016666666667, "ele_img": 13.9 }, "geometry": { "type": "Point", "coordinates": [ -50.212919444444445, -29.988016666666667 ] } },
{ "type": "Feature", "properties": { "index": 385, "faixa_img": 14, "numero_img": 120, "nome_img": "MULTICAPTURA_6430_000120", "time_img": 1745428931, "long_img": -50.213022222222222, "lat_img": -29.988066666666668, "ele_img": 13.0 }, "geometry": { "type": "Point", "coordinates": [ -50.213022222222222, -29.988066666666668 ] } },
{ "type": "Feature", "properties": { "index": 386, "faixa_img": 14, "numero_img": 121, "nome_img": "MULTICAPTURA_6430_000121", "time_img": 1745428933, "long_img": -50.213119444444445, "lat_img": -29.988091666666669, "ele_img": 13.7 }, "geometry": { "type": "Point", "coordinates": [ -50.213119444444445, -29.988091666666669 ] } },
{ "type": "Feature", "properties": { "index": 388, "faixa_img": 14, "numero_img": 123, "nome_img": "MULTICAPTURA_6430_000123", "time_img": 1745428937, "long_img": -50.2133, "lat_img": -29.988208333333333, "ele_img": 8.9 }, "geometry": { "type": "Point", "coordinates": [ -50.2133, -29.988208333333333 ] } },
{ "type": "Feature", "properties": { "index": 389, "faixa_img": 14, "numero_img": 124, "nome_img": "MULTICAPTURA_6430_000124", "time_img": 1745428939, "long_img": -50.213391666666666, "lat_img": -29.988261111111111, "ele_img": 6.9 }, "geometry": { "type": "Point", "coordinates": [ -50.213391666666666, -29.988261111111111 ] } },
{ "type": "Feature", "properties": { "index": 390, "faixa_img": 14, "numero_img": 125, "nome_img": "MULTICAPTURA_6430_000125", "time_img": 1745428941, "long_img": -50.21349444444445, "lat_img": -29.988316666666666, "ele_img": 4.8 }, "geometry": { "type": "Point", "coordinates": [ -50.21349444444445, -29.988316666666666 ] } },
{ "type": "Feature", "properties": { "index": 391, "faixa_img": 14, "numero_img": 126, "nome_img": "MULTICAPTURA_6430_000126", "time_img": 1745428943, "long_img": -50.213597222222226, "lat_img": -29.988366666666668, "ele_img": 4.4 }, "geometry": { "type": "Point", "coordinates": [ -50.213597222222226, -29.988366666666668 ] } },
{ "type": "Feature", "properties": { "index": 392, "faixa_img": 14, "numero_img": 127, "nome_img": "MULTICAPTURA_6430_000127", "time_img": 1745428945, "long_img": -50.213708333333336, "lat_img": -29.988422222222223, "ele_img": 3.4 }, "geometry": { "type": "Point", "coordinates": [ -50.213708333333336, -29.988422222222223 ] } },
{ "type": "Feature", "properties": { "index": 393, "faixa_img": 14, "numero_img": 128, "nome_img": "MULTICAPTURA_6430_000128", "time_img": 1745428947, "long_img": -50.213822222222227, "lat_img": -29.988469444444444, "ele_img": 3.0 }, "geometry": { "type": "Point", "coordinates": [ -50.213822222222227, -29.988469444444444 ] } },
{ "type": "Feature", "properties": { "index": 394, "faixa_img": 14, "numero_img": 129, "nome_img": "MULTICAPTURA_6430_000129", "time_img": 1745428949, "long_img": -50.213925, "lat_img": -29.988516666666669, "ele_img": 3.4 }, "geometry": { "type": "Point", "coordinates": [ -50.213925, -29.988516666666669 ] } },
{ "type": "Feature", "properties": { "index": 395, "faixa_img": 14, "numero_img": 130, "nome_img": "MULTICAPTURA_6430_000130", "time_img": 1745428951, "long_img": -50.214038888888894, "lat_img": -29.988558333333334, "ele_img": 3.9 }, "geometry": { "type": "Point", "coordinates": [ -50.214038888888894, -29.988558333333334 ] } },
{ "type": "Feature", "properties": { "index": 396, "faixa_img": 14, "numero_img": 131, "nome_img": "MULTICAPTURA_6430_000131", "time_img": 1745428953, "long_img": -50.214130555555556, "lat_img": -29.9886, "ele_img": 1.7 }, "geometry": { "type": "Point", "coordinates": [ -50.214130555555556, -29.9886 ] } },
{ "type": "Feature", "properties": { "index": 397, "faixa_img": 14, "numero_img": 132, "nome_img": "MULTICAPTURA_6430_000132", "time_img": 1745428955, "long_img": -50.21423333333334, "lat_img": -29.988641666666666, "ele_img": 2.1 }, "geometry": { "type": "Point", "coordinates": [ -50.21423333333334, -29.988641666666666 ] } },
{ "type": "Feature", "properties": { "index": 398, "faixa_img": 14, "numero_img": 133, "nome_img": "MULTICAPTURA_6430_000133", "time_img": 1745428957, "long_img": -50.214355555555557, "lat_img": -29.988691666666668, "ele_img": 2.7 }, "geometry": { "type": "Point", "coordinates": [ -50.214355555555557, -29.988691666666668 ] } },
{ "type": "Feature", "properties": { "index": 399, "faixa_img": 14, "numero_img": 134, "nome_img": "MULTICAPTURA_6430_000134", "time_img": 1745428959, "long_img": -50.214461111111113, "lat_img": -29.988744444444446, "ele_img": 2.8 }, "geometry": { "type": "Point", "coordinates": [ -50.214461111111113, -29.988744444444446 ] } },
{ "type": "Feature", "properties": { "index": 400, "faixa_img": 14, "numero_img": 135, "nome_img": "MULTICAPTURA_6430_000135", "time_img": 1745428961, "long_img": -50.21456944444445, "lat_img": -29.988797222222225, "ele_img": 2.5 }, "geometry": { "type": "Point", "coordinates": [ -50.21456944444445, -29.988797222222225 ] } },
{ "type": "Feature", "properties": { "index": 401, "faixa_img": 14, "numero_img": 136, "nome_img": "MULTICAPTURA_6430_000136", "time_img": 1745428963, "long_img": -50.214683333333333, "lat_img": -29.988847222222223, "ele_img": 2.1 }, "geometry": { "type": "Point", "coordinates": [ -50.214683333333333, -29.988847222222223 ] } },
{ "type": "Feature", "properties": { "index": 402, "faixa_img": 14, "numero_img": 137, "nome_img": "MULTICAPTURA_6430_000137", "time_img": 1745428965, "long_img": -50.2148, "lat_img": -29.988908333333335, "ele_img": 0.6 }, "geometry": { "type": "Point", "coordinates": [ -50.2148, -29.988908333333335 ] } },
{ "type": "Feature", "properties": { "index": 403, "faixa_img": 14, "numero_img": 138, "nome_img": "MULTICAPTURA_6430_000138", "time_img": 1745428967, "long_img": -50.214905555555561, "lat_img": -29.988961111111113, "ele_img": 0.2 }, "geometry": { "type": "Point", "coordinates": [ -50.214905555555561, -29.988961111111113 ] } },
{ "type": "Feature", "properties": { "index": 404, "faixa_img": 14, "numero_img": 139, "nome_img": "MULTICAPTURA_6430_000139", "time_img": 1745428969, "long_img": -50.21501388888889, "lat_img": -29.989016666666668, "ele_img": 0.5 }, "geometry": { "type": "Point", "coordinates": [ -50.21501388888889, -29.989016666666668 ] } },
{ "type": "Feature", "properties": { "index": 405, "faixa_img": 14, "numero_img": 140, "nome_img": "MULTICAPTURA_6430_000140", "time_img": 1745428971, "long_img": -50.215127777777781, "lat_img": -29.989063888888889, "ele_img": 0.4 }, "geometry": { "type": "Point", "coordinates": [ -50.215127777777781, -29.989063888888889 ] } },
{ "type": "Feature", "properties": { "index": 406, "faixa_img": 14, "numero_img": 141, "nome_img": "MULTICAPTURA_6430_000141", "time_img": 1745428973, "long_img": -50.215230555555557, "lat_img": -29.989122222222225, "ele_img": 0.2 }, "geometry": { "type": "Point", "coordinates": [ -50.215230555555557, -29.989122222222225 ] } },
{ "type": "Feature", "properties": { "index": 407, "faixa_img": 14, "numero_img": 142, "nome_img": "MULTICAPTURA_6430_000142", "time_img": 1745428975, "long_img": -50.215347222222228, "lat_img": -29.98917777777778, "ele_img": 0.0 }, "geometry": { "type": "Point", "coordinates": [ -50.215347222222228, -29.98917777777778 ] } },
{ "type": "Feature", "properties": { "index": 408, "faixa_img": 14, "numero_img": 143, "nome_img": "MULTICAPTURA_6430_000143", "time_img": 1745428977, "long_img": -50.215441666666671, "lat_img": -29.989225, "ele_img": 0.3 }, "geometry": { "type": "Point", "coordinates": [ -50.215441666666671, -29.989225 ] } },
{ "type": "Feature", "properties": { "index": 409, "faixa_img": 14, "numero_img": 144, "nome_img": "MULTICAPTURA_6430_000144", "time_img": 1745428979, "long_img": -50.21555, "lat_img": -29.989275, "ele_img": 0.1 }, "geometry": { "type": "Point", "coordinates": [ -50.21555, -29.989275 ] } },
{ "type": "Feature", "properties": { "index": 410, "faixa_img": 14, "numero_img": 145, "nome_img": "MULTICAPTURA_6430_000145", "time_img": 1745428981, "long_img": -50.215655555555557, "lat_img": -29.989319444444444, "ele_img": 0.2 }, "geometry": { "type": "Point", "coordinates": [ -50.215655555555557, -29.989319444444444 ] } },
{ "type": "Feature", "properties": { "index": 411, "faixa_img": 14, "numero_img": 146, "nome_img": "MULTICAPTURA_6430_000146", "time_img": 1745428983, "long_img": -50.215761111111114, "lat_img": -29.989366666666669, "ele_img": 0.6 }, "geometry": { "type": "Point", "coordinates": [ -50.215761111111114, -29.989366666666669 ] } },
{ "type": "Feature", "properties": { "index": 412, "faixa_img": 14, "numero_img": 147, "nome_img": "MULTICAPTURA_6430_000147", "time_img": 1745428985, "long_img": -50.215877777777777, "lat_img": -29.989427777777777, "ele_img": 1.3 }, "geometry": { "type": "Point", "coordinates": [ -50.215877777777777, -29.989427777777777 ] } },
{ "type": "Feature", "properties": { "index": 413, "faixa_img": 14, "numero_img": 148, "nome_img": "MULTICAPTURA_6430_000148", "time_img": 1745428987, "long_img": -50.215986111111114, "lat_img": -29.989488888888889, "ele_img": 1.7 }, "geometry": { "type": "Point", "coordinates": [ -50.215986111111114, -29.989488888888889 ] } },
{ "type": "Feature", "properties": { "index": 414, "faixa_img": 14, "numero_img": 149, "nome_img": "MULTICAPTURA_6430_000149", "time_img": 1745428989, "long_img": -50.216094444444444, "lat_img": -29.989544444444444, "ele_img": 2.6 }, "geometry": { "type": "Point", "coordinates": [ -50.216094444444444, -29.989544444444444 ] } },
{ "type": "Feature", "properties": { "index": 415, "faixa_img": 14, "numero_img": 150, "nome_img": "MULTICAPTURA_6430_000150", "time_img": 1745428991, "long_img": -50.216205555555561, "lat_img": -29.9896, "ele_img": 3.3 }, "geometry": { "type": "Point", "coordinates": [ -50.216205555555561, -29.9896 ] } },
{ "type": "Feature", "properties": { "index": 416, "faixa_img": 14, "numero_img": 151, "nome_img": "MULTICAPTURA_6430_000151", "time_img": 1745428993, "long_img": -50.216319444444444, "lat_img": -29.989644444444444, "ele_img": 0.9 }, "geometry": { "type": "Point", "coordinates": [ -50.216319444444444, -29.989644444444444 ] } },
{ "type": "Feature", "properties": { "index": 418, "faixa_img": 14, "numero_img": 153, "nome_img": "MULTICAPTURA_6430_000153", "time_img": 1745428997, "long_img": -50.2165, "lat_img": -29.989736111111114, "ele_img": 1.8 }, "geometry": { "type": "Point", "coordinates": [ -50.2165, -29.989736111111114 ] } },
{ "type": "Feature", "properties": { "index": 419, "faixa_img": 14, "numero_img": 154, "nome_img": "MULTICAPTURA_6430_000154", "time_img": 1745428999, "long_img": -50.216597222222227, "lat_img": -29.989775, "ele_img": 1.0 }, "geometry": { "type": "Point", "coordinates": [ -50.216597222222227, -29.989775 ] } },
{ "type": "Feature", "properties": { "index": 420, "faixa_img": 14, "numero_img": 155, "nome_img": "MULTICAPTURA_6430_000155", "time_img": 1745429001, "long_img": -50.21671111111111, "lat_img": -29.989813888888889, "ele_img": 1.1 }, "geometry": { "type": "Point", "coordinates": [ -50.21671111111111, -29.989813888888889 ] } },
{ "type": "Feature", "properties": { "index": 421, "faixa_img": 14, "numero_img": 156, "nome_img": "MULTICAPTURA_6430_000156", "time_img": 1745429003, "long_img": -50.216841666666667, "lat_img": -29.989858333333334, "ele_img": 3.9 }, "geometry": { "type": "Point", "coordinates": [ -50.216841666666667, -29.989858333333334 ] } },
{ "type": "Feature", "properties": { "index": 422, "faixa_img": 14, "numero_img": 157, "nome_img": "MULTICAPTURA_6430_000157", "time_img": 1745429005, "long_img": -50.216958333333338, "lat_img": -29.989908333333336, "ele_img": 3.0 }, "geometry": { "type": "Point", "coordinates": [ -50.216958333333338, -29.989908333333336 ] } },
{ "type": "Feature", "properties": { "index": 423, "faixa_img": 14, "numero_img": 158, "nome_img": "MULTICAPTURA_6430_000158", "time_img": 1745429007, "long_img": -50.217052777777781, "lat_img": -29.98995, "ele_img": 1.7 }, "geometry": { "type": "Point", "coordinates": [ -50.217052777777781, -29.98995 ] } },
{ "type": "Feature", "properties": { "index": 425, "faixa_img": 14, "numero_img": 160, "nome_img": "MULTICAPTURA_6430_000160", "time_img": 1745429011, "long_img": -50.217216666666666, "lat_img": -29.990055555555557, "ele_img": 0.5 }, "geometry": { "type": "Point", "coordinates": [ -50.217216666666666, -29.990055555555557 ] } },
{ "type": "Feature", "properties": { "index": 426, "faixa_img": 14, "numero_img": 161, "nome_img": "MULTICAPTURA_6430_000161", "time_img": 1745429013, "long_img": -50.217308333333335, "lat_img": -29.990097222222222, "ele_img": 2.4 }, "geometry": { "type": "Point", "coordinates": [ -50.217308333333335, -29.990097222222222 ] } },
{ "type": "Feature", "properties": { "index": 428, "faixa_img": 14, "numero_img": 163, "nome_img": "MULTICAPTURA_6430_000163", "time_img": 1745429017, "long_img": -50.217508333333335, "lat_img": -29.990180555555558, "ele_img": 3.3 }, "geometry": { "type": "Point", "coordinates": [ -50.217508333333335, -29.990180555555558 ] } },
{ "type": "Feature", "properties": { "index": 429, "faixa_img": 14, "numero_img": 164, "nome_img": "MULTICAPTURA_6430_000164", "time_img": 1745429019, "long_img": -50.2176, "lat_img": -29.990238888888889, "ele_img": 4.0 }, "geometry": { "type": "Point", "coordinates": [ -50.2176, -29.990238888888889 ] } },
{ "type": "Feature", "properties": { "index": 430, "faixa_img": 14, "numero_img": 165, "nome_img": "MULTICAPTURA_6430_000165", "time_img": 1745429021, "long_img": -50.217691666666667, "lat_img": -29.990288888888891, "ele_img": 5.2 }, "geometry": { "type": "Point", "coordinates": [ -50.217691666666667, -29.990288888888891 ] } },
{ "type": "Feature", "properties": { "index": 431, "faixa_img": 14, "numero_img": 166, "nome_img": "MULTICAPTURA_6430_000166", "time_img": 1745429023, "long_img": -50.217794444444444, "lat_img": -29.990338888888889, "ele_img": 8.1 }, "geometry": { "type": "Point", "coordinates": [ -50.217794444444444, -29.990338888888889 ] } },
{ "type": "Feature", "properties": { "index": 432, "faixa_img": 14, "numero_img": 167, "nome_img": "MULTICAPTURA_6430_000167", "time_img": 1745429025, "long_img": -50.217897222222227, "lat_img": -29.990388888888891, "ele_img": 7.9 }, "geometry": { "type": "Point", "coordinates": [ -50.217897222222227, -29.990388888888891 ] } },
{ "type": "Feature", "properties": { "index": 434, "faixa_img": 14, "numero_img": 169, "nome_img": "MULTICAPTURA_6430_000169", "time_img": 1745429029, "long_img": -50.218058333333332, "lat_img": -29.990461111111113, "ele_img": 6.3 }, "geometry": { "type": "Point", "coordinates": [ -50.218058333333332, -29.990461111111113 ] } },
{ "type": "Feature", "properties": { "index": 436, "faixa_img": 14, "numero_img": 171, "nome_img": "MULTICAPTURA_6430_000171", "time_img": 1745429033, "long_img": -50.218233333333337, "lat_img": -29.990538888888889, "ele_img": 6.8 }, "geometry": { "type": "Point", "coordinates": [ -50.218233333333337, -29.990538888888889 ] } },
{ "type": "Feature", "properties": { "index": 437, "faixa_img": 14, "numero_img": 172, "nome_img": "MULTICAPTURA_6430_000172", "time_img": 1745429035, "long_img": -50.218325, "lat_img": -29.990580555555557, "ele_img": 6.9 }, "geometry": { "type": "Point", "coordinates": [ -50.218325, -29.990580555555557 ] } },
{ "type": "Feature", "properties": { "index": 438, "faixa_img": 14, "numero_img": 173, "nome_img": "MULTICAPTURA_6430_000173", "time_img": 1745429037, "long_img": -50.21841666666667, "lat_img": -29.990619444444444, "ele_img": 6.8 }, "geometry": { "type": "Point", "coordinates": [ -50.21841666666667, -29.990619444444444 ] } },
{ "type": "Feature", "properties": { "index": 439, "faixa_img": 14, "numero_img": 174, "nome_img": "MULTICAPTURA_6430_000174", "time_img": 1745429039, "long_img": -50.218511111111113, "lat_img": -29.990661111111113, "ele_img": 7.2 }, "geometry": { "type": "Point", "coordinates": [ -50.218511111111113, -29.990661111111113 ] } },
{ "type": "Feature", "properties": { "index": 440, "faixa_img": 14, "numero_img": 175, "nome_img": "MULTICAPTURA_6430_000175", "time_img": 1745429041, "long_img": -50.218597222222222, "lat_img": -29.990713888888891, "ele_img": 8.7 }, "geometry": { "type": "Point", "coordinates": [ -50.218597222222222, -29.990713888888891 ] } },
{ "type": "Feature", "properties": { "index": 442, "faixa_img": 14, "numero_img": 177, "nome_img": "MULTICAPTURA_6430_000177", "time_img": 1745429045, "long_img": -50.218738888888893, "lat_img": -29.990794444444447, "ele_img": 11.4 }, "geometry": { "type": "Point", "coordinates": [ -50.218738888888893, -29.990794444444447 ] } },
{ "type": "Feature", "properties": { "index": 444, "faixa_img": 14, "numero_img": 179, "nome_img": "MULTICAPTURA_6430_000179", "time_img": 1745429049, "long_img": -50.218891666666671, "lat_img": -29.990866666666669, "ele_img": 11.9 }, "geometry": { "type": "Point", "coordinates": [ -50.218891666666671, -29.990866666666669 ] } },
{ "type": "Feature", "properties": { "index": 446, "faixa_img": 14, "numero_img": 191, "nome_img": "MULTICAPTURA_6430_000191", "time_img": 1745429073, "long_img": -50.219108333333338, "lat_img": -29.990822222222224, "ele_img": 26.4 }, "geometry": { "type": "Point", "coordinates": [ -50.219108333333338, -29.990822222222224 ] } },
{ "type": "Feature", "properties": { "index": 447, "faixa_img": 14, "numero_img": 196, "nome_img": "MULTICAPTURA_6430_000196", "time_img": 1745429083, "long_img": -50.219208333333334, "lat_img": -29.990869444444446, "ele_img": 27.0 }, "geometry": { "type": "Point", "coordinates": [ -50.219208333333334, -29.990869444444446 ] } },
{ "type": "Feature", "properties": { "index": 449, "faixa_img": 14, "numero_img": 198, "nome_img": "MULTICAPTURA_6430_000198", "time_img": 1745429087, "long_img": -50.219311111111111, "lat_img": -29.99095, "ele_img": 23.1 }, "geometry": { "type": "Point", "coordinates": [ -50.219311111111111, -29.99095 ] } },
{ "type": "Feature", "properties": { "index": 451, "faixa_img": 14, "numero_img": 200, "nome_img": "MULTICAPTURA_6430_000200", "time_img": 1745429091, "long_img": -50.219452777777782, "lat_img": -29.991027777777777, "ele_img": 20.9 }, "geometry": { "type": "Point", "coordinates": [ -50.219452777777782, -29.991027777777777 ] } },
{ "type": "Feature", "properties": { "index": 453, "faixa_img": 14, "numero_img": 202, "nome_img": "MULTICAPTURA_6430_000202", "time_img": 1745429095, "long_img": -50.21960277777778, "lat_img": -29.991105555555556, "ele_img": 17.4 }, "geometry": { "type": "Point", "coordinates": [ -50.21960277777778, -29.991105555555556 ] } },
{ "type": "Feature", "properties": { "index": 455, "faixa_img": 14, "numero_img": 204, "nome_img": "MULTICAPTURA_6430_000204", "time_img": 1745429099, "long_img": -50.219761111111112, "lat_img": -29.991186111111112, "ele_img": 12.8 }, "geometry": { "type": "Point", "coordinates": [ -50.219761111111112, -29.991186111111112 ] } },
{ "type": "Feature", "properties": { "index": 457, "faixa_img": 14, "numero_img": 206, "nome_img": "MULTICAPTURA_6430_000206", "time_img": 1745429103, "long_img": -50.219891666666669, "lat_img": -29.991277777777778, "ele_img": 6.3 }, "geometry": { "type": "Point", "coordinates": [ -50.219891666666669, -29.991277777777778 ] } },
{ "type": "Feature", "properties": { "index": 459, "faixa_img": 14, "numero_img": 208, "nome_img": "MULTICAPTURA_6430_000208", "time_img": 1745429107, "long_img": -50.220033333333333, "lat_img": -29.991344444444444, "ele_img": 1.9 }, "geometry": { "type": "Point", "coordinates": [ -50.220033333333333, -29.991344444444444 ] } },
{ "type": "Feature", "properties": { "index": 461, "faixa_img": 15, "numero_img": 342, "nome_img": "MULTICAPTURA_6430_000342", "time_img": 1745429375, "long_img": -50.210119444444445, "lat_img": -29.986805555555556, "ele_img": 21.3 }, "geometry": { "type": "Point", "coordinates": [ -50.210119444444445, -29.986805555555556 ] } },
{ "type": "Feature", "properties": { "index": 462, "faixa_img": 15, "numero_img": 343, "nome_img": "MULTICAPTURA_6430_000343", "time_img": 1745429377, "long_img": -50.210013888888895, "lat_img": -29.986805555555556, "ele_img": 21.7 }, "geometry": { "type": "Point", "coordinates": [ -50.210013888888895, -29.986805555555556 ] } },
{ "type": "Feature", "properties": { "index": 463, "faixa_img": 15, "numero_img": 344, "nome_img": "MULTICAPTURA_6430_000344", "time_img": 1745429379, "long_img": -50.209897222222224, "lat_img": -29.986808333333336, "ele_img": 21.6 }, "geometry": { "type": "Point", "coordinates": [ -50.209897222222224, -29.986808333333336 ] } },
{ "type": "Feature", "properties": { "index": 465, "faixa_img": 15, "numero_img": 346, "nome_img": "MULTICAPTURA_6430_000346", "time_img": 1745429383, "long_img": -50.2097, "lat_img": -29.986808333333336, "ele_img": 21.7 }, "geometry": { "type": "Point", "coordinates": [ -50.2097, -29.986808333333336 ] } },
{ "type": "Feature", "properties": { "index": 466, "faixa_img": 15, "numero_img": 347, "nome_img": "MULTICAPTURA_6430_000347", "time_img": 1745429385, "long_img": -50.209591666666668, "lat_img": -29.986802777777779, "ele_img": 22.4 }, "geometry": { "type": "Point", "coordinates": [ -50.209591666666668, -29.986802777777779 ] } },
{ "type": "Feature", "properties": { "index": 467, "faixa_img": 15, "numero_img": 348, "nome_img": "MULTICAPTURA_6430_000348", "time_img": 1745429387, "long_img": -50.209483333333338, "lat_img": -29.986791666666669, "ele_img": 22.9 }, "geometry": { "type": "Point", "coordinates": [ -50.209483333333338, -29.986791666666669 ] } },
{ "type": "Feature", "properties": { "index": 469, "faixa_img": 15, "numero_img": 350, "nome_img": "MULTICAPTURA_6430_000350", "time_img": 1745429391, "long_img": -50.209277777777778, "lat_img": -29.986769444444445, "ele_img": 24.1 }, "geometry": { "type": "Point", "coordinates": [ -50.209277777777778, -29.986769444444445 ] } },
{ "type": "Feature", "properties": { "index": 470, "faixa_img": 15, "numero_img": 351, "nome_img": "MULTICAPTURA_6430_000351", "time_img": 1745429393, "long_img": -50.209175, "lat_img": -29.986741666666667, "ele_img": 24.2 }, "geometry": { "type": "Point", "coordinates": [ -50.209175, -29.986741666666667 ] } },
{ "type": "Feature", "properties": { "index": 472, "faixa_img": 15, "numero_img": 353, "nome_img": "MULTICAPTURA_6430_000353", "time_img": 1745429397, "long_img": -50.209030555555557, "lat_img": -29.986697222222222, "ele_img": 24.5 }, "geometry": { "type": "Point", "coordinates": [ -50.209030555555557, -29.986697222222222 ] } },
{ "type": "Feature", "properties": { "index": 473, "faixa_img": 15, "numero_img": 354, "nome_img": "MULTICAPTURA_6430_000354", "time_img": 1745429399, "long_img": -50.208922222222228, "lat_img": -29.986680555555555, "ele_img": 24.7 }, "geometry": { "type": "Point", "coordinates": [ -50.208922222222228, -29.986680555555555 ] } },
{ "type": "Feature", "properties": { "index": 474, "faixa_img": 15, "numero_img": 355, "nome_img": "MULTICAPTURA_6430_000355", "time_img": 1745429401, "long_img": -50.208816666666671, "lat_img": -29.986675, "ele_img": 24.5 }, "geometry": { "type": "Point", "coordinates": [ -50.208816666666671, -29.986675 ] } },
{ "type": "Feature", "properties": { "index": 475, "faixa_img": 15, "numero_img": 356, "nome_img": "MULTICAPTURA_6430_000356", "time_img": 1745429403, "long_img": -50.208694444444447, "lat_img": -29.986655555555558, "ele_img": 24.8 }, "geometry": { "type": "Point", "coordinates": [ -50.208694444444447, -29.986655555555558 ] } },
{ "type": "Feature", "properties": { "index": 476, "faixa_img": 15, "numero_img": 357, "nome_img": "MULTICAPTURA_6430_000357", "time_img": 1745429405, "long_img": -50.208591666666671, "lat_img": -29.986644444444444, "ele_img": 25.0 }, "geometry": { "type": "Point", "coordinates": [ -50.208591666666671, -29.986644444444444 ] } },
{ "type": "Feature", "properties": { "index": 477, "faixa_img": 15, "numero_img": 358, "nome_img": "MULTICAPTURA_6430_000358", "time_img": 1745429407, "long_img": -50.208491666666667, "lat_img": -29.986641666666667, "ele_img": 24.8 }, "geometry": { "type": "Point", "coordinates": [ -50.208491666666667, -29.986641666666667 ] } },
{ "type": "Feature", "properties": { "index": 478, "faixa_img": 15, "numero_img": 359, "nome_img": "MULTICAPTURA_6430_000359", "time_img": 1745429409, "long_img": -50.208380555555557, "lat_img": -29.98663611111111, "ele_img": 24.6 }, "geometry": { "type": "Point", "coordinates": [ -50.208380555555557, -29.98663611111111 ] } },
{ "type": "Feature", "properties": { "index": 479, "faixa_img": 15, "numero_img": 360, "nome_img": "MULTICAPTURA_6430_000360", "time_img": 1745429411, "long_img": -50.208269444444447, "lat_img": -29.986633333333334, "ele_img": 24.5 }, "geometry": { "type": "Point", "coordinates": [ -50.208269444444447, -29.986633333333334 ] } },
{ "type": "Feature", "properties": { "index": 480, "faixa_img": 15, "numero_img": 361, "nome_img": "MULTICAPTURA_6430_000361", "time_img": 1745429413, "long_img": -50.20815, "lat_img": -29.986633333333334, "ele_img": 24.3 }, "geometry": { "type": "Point", "coordinates": [ -50.20815, -29.986633333333334 ] } },
{ "type": "Feature", "properties": { "index": 481, "faixa_img": 15, "numero_img": 362, "nome_img": "MULTICAPTURA_6430_000362", "time_img": 1745429415, "long_img": -50.208044444444447, "lat_img": -29.986633333333334, "ele_img": 23.6 }, "geometry": { "type": "Point", "coordinates": [ -50.208044444444447, -29.986633333333334 ] } },
{ "type": "Feature", "properties": { "index": 482, "faixa_img": 15, "numero_img": 363, "nome_img": "MULTICAPTURA_6430_000363", "time_img": 1745429417, "long_img": -50.207936111111117, "lat_img": -29.98662777777778, "ele_img": 24.0 }, "geometry": { "type": "Point", "coordinates": [ -50.207936111111117, -29.98662777777778 ] } },
{ "type": "Feature", "properties": { "index": 483, "faixa_img": 15, "numero_img": 364, "nome_img": "MULTICAPTURA_6430_000364", "time_img": 1745429419, "long_img": -50.20782777777778, "lat_img": -29.986619444444447, "ele_img": 24.3 }, "geometry": { "type": "Point", "coordinates": [ -50.20782777777778, -29.986619444444447 ] } },
{ "type": "Feature", "properties": { "index": 484, "faixa_img": 15, "numero_img": 365, "nome_img": "MULTICAPTURA_6430_000365", "time_img": 1745429421, "long_img": -50.207727777777784, "lat_img": -29.986622222222223, "ele_img": 23.7 }, "geometry": { "type": "Point", "coordinates": [ -50.207727777777784, -29.986622222222223 ] } },
{ "type": "Feature", "properties": { "index": 485, "faixa_img": 15, "numero_img": 366, "nome_img": "MULTICAPTURA_6430_000366", "time_img": 1745429423, "long_img": -50.207625, "lat_img": -29.986630555555557, "ele_img": 23.2 }, "geometry": { "type": "Point", "coordinates": [ -50.207625, -29.986630555555557 ] } },
{ "type": "Feature", "properties": { "index": 486, "faixa_img": 15, "numero_img": 367, "nome_img": "MULTICAPTURA_6430_000367", "time_img": 1745429425, "long_img": -50.20751666666667, "lat_img": -29.986625, "ele_img": 24.1 }, "geometry": { "type": "Point", "coordinates": [ -50.20751666666667, -29.986625 ] } },
{ "type": "Feature", "properties": { "index": 487, "faixa_img": 15, "numero_img": 368, "nome_img": "MULTICAPTURA_6430_000368", "time_img": 1745429427, "long_img": -50.207413888888894, "lat_img": -29.986616666666666, "ele_img": 24.4 }, "geometry": { "type": "Point", "coordinates": [ -50.207413888888894, -29.986616666666666 ] } },
{ "type": "Feature", "properties": { "index": 488, "faixa_img": 15, "numero_img": 369, "nome_img": "MULTICAPTURA_6430_000369", "time_img": 1745429429, "long_img": -50.207313888888891, "lat_img": -29.98661388888889, "ele_img": 24.1 }, "geometry": { "type": "Point", "coordinates": [ -50.207313888888891, -29.98661388888889 ] } },
{ "type": "Feature", "properties": { "index": 489, "faixa_img": 15, "numero_img": 370, "nome_img": "MULTICAPTURA_6430_000370", "time_img": 1745429431, "long_img": -50.207211111111114, "lat_img": -29.986611111111113, "ele_img": 23.9 }, "geometry": { "type": "Point", "coordinates": [ -50.207211111111114, -29.986611111111113 ] } },
{ "type": "Feature", "properties": { "index": 491, "faixa_img": 15, "numero_img": 372, "nome_img": "MULTICAPTURA_6430_000372", "time_img": 1745429435, "long_img": -50.207047222222222, "lat_img": -29.986597222222223, "ele_img": 24.6 }, "geometry": { "type": "Point", "coordinates": [ -50.207047222222222, -29.986597222222223 ] } },
{ "type": "Feature", "properties": { "index": 493, "faixa_img": 15, "numero_img": 374, "nome_img": "MULTICAPTURA_6430_000374", "time_img": 1745429439, "long_img": -50.20686944444445, "lat_img": -29.986602777777779, "ele_img": 25.4 }, "geometry": { "type": "Point", "coordinates": [ -50.20686944444445, -29.986602777777779 ] } },
{ "type": "Feature", "properties": { "index": 495, "faixa_img": 15, "numero_img": 376, "nome_img": "MULTICAPTURA_6430_000376", "time_img": 1745429443, "long_img": -50.206677777777777, "lat_img": -29.986630555555557, "ele_img": 24.8 }, "geometry": { "type": "Point", "coordinates": [ -50.206677777777777, -29.986630555555557 ] } },
{ "type": "Feature", "properties": { "index": 496, "faixa_img": 15, "numero_img": 377, "nome_img": "MULTICAPTURA_6430_000377", "time_img": 1745429445, "long_img": -50.206583333333334, "lat_img": -29.986663888888891, "ele_img": 24.9 }, "geometry": { "type": "Point", "coordinates": [ -50.206583333333334, -29.986663888888891 ] } },
{ "type": "Feature", "properties": { "index": 498, "faixa_img": 15, "numero_img": 379, "nome_img": "MULTICAPTURA_6430_000379", "time_img": 1745429449, "long_img": -50.206391666666669, "lat_img": -29.986716666666666, "ele_img": 24.1 }, "geometry": { "type": "Point", "coordinates": [ -50.206391666666669, -29.986716666666666 ] } },
{ "type": "Feature", "properties": { "index": 500, "faixa_img": 15, "numero_img": 381, "nome_img": "MULTICAPTURA_6430_000381", "time_img": 1745429453, "long_img": -50.206197222222222, "lat_img": -29.986725, "ele_img": 23.8 }, "geometry": { "type": "Point", "coordinates": [ -50.206197222222222, -29.986725 ] } },
{ "type": "Feature", "properties": { "index": 501, "faixa_img": 15, "numero_img": 382, "nome_img": "MULTICAPTURA_6430_000382", "time_img": 1745429455, "long_img": -50.206086111111112, "lat_img": -29.98672777777778, "ele_img": 23.7 }, "geometry": { "type": "Point", "coordinates": [ -50.206086111111112, -29.98672777777778 ] } },
{ "type": "Feature", "properties": { "index": 502, "faixa_img": 15, "numero_img": 383, "nome_img": "MULTICAPTURA_6430_000383", "time_img": 1745429457, "long_img": -50.205975, "lat_img": -29.98672777777778, "ele_img": 20.4 }, "geometry": { "type": "Point", "coordinates": [ -50.205975, -29.98672777777778 ] } },
{ "type": "Feature", "properties": { "index": 503, "faixa_img": 15, "numero_img": 384, "nome_img": "MULTICAPTURA_6430_000384", "time_img": 1745429459, "long_img": -50.205858333333339, "lat_img": -29.986736111111114, "ele_img": 19.8 }, "geometry": { "type": "Point", "coordinates": [ -50.205858333333339, -29.986736111111114 ] } },
{ "type": "Feature", "properties": { "index": 504, "faixa_img": 15, "numero_img": 385, "nome_img": "MULTICAPTURA_6430_000385", "time_img": 1745429461, "long_img": -50.205738888888895, "lat_img": -29.98672777777778, "ele_img": 17.7 }, "geometry": { "type": "Point", "coordinates": [ -50.205738888888895, -29.98672777777778 ] } },
{ "type": "Feature", "properties": { "index": 505, "faixa_img": 15, "numero_img": 386, "nome_img": "MULTICAPTURA_6430_000386", "time_img": 1745429463, "long_img": -50.205616666666671, "lat_img": -29.98672777777778, "ele_img": 16.0 }, "geometry": { "type": "Point", "coordinates": [ -50.205616666666671, -29.98672777777778 ] } },
{ "type": "Feature", "properties": { "index": 506, "faixa_img": 15, "numero_img": 387, "nome_img": "MULTICAPTURA_6430_000387", "time_img": 1745429465, "long_img": -50.205486111111114, "lat_img": -29.986730555555557, "ele_img": 17.5 }, "geometry": { "type": "Point", "coordinates": [ -50.205486111111114, -29.986730555555557 ] } },
{ "type": "Feature", "properties": { "index": 507, "faixa_img": 15, "numero_img": 388, "nome_img": "MULTICAPTURA_6430_000388", "time_img": 1745429467, "long_img": -50.205344444444449, "lat_img": -29.986733333333333, "ele_img": 18.4 }, "geometry": { "type": "Point", "coordinates": [ -50.205344444444449, -29.986733333333333 ] } },
{ "type": "Feature", "properties": { "index": 508, "faixa_img": 15, "numero_img": 389, "nome_img": "MULTICAPTURA_6430_000389", "time_img": 1745429469, "long_img": -50.205233333333339, "lat_img": -29.986733333333333, "ele_img": 18.5 }, "geometry": { "type": "Point", "coordinates": [ -50.205233333333339, -29.986733333333333 ] } },
{ "type": "Feature", "properties": { "index": 509, "faixa_img": 15, "numero_img": 390, "nome_img": "MULTICAPTURA_6430_000390", "time_img": 1745429471, "long_img": -50.205125, "lat_img": -29.986730555555557, "ele_img": 18.6 }, "geometry": { "type": "Point", "coordinates": [ -50.205125, -29.986730555555557 ] } },
{ "type": "Feature", "properties": { "index": 510, "faixa_img": 15, "numero_img": 391, "nome_img": "MULTICAPTURA_6430_000391", "time_img": 1745429473, "long_img": -50.205022222222226, "lat_img": -29.98672777777778, "ele_img": 18.9 }, "geometry": { "type": "Point", "coordinates": [ -50.205022222222226, -29.98672777777778 ] } },
{ "type": "Feature", "properties": { "index": 512, "faixa_img": 15, "numero_img": 393, "nome_img": "MULTICAPTURA_6430_000393", "time_img": 1745429477, "long_img": -50.204875, "lat_img": -29.98675, "ele_img": 19.0 }, "geometry": { "type": "Point", "coordinates": [ -50.204875, -29.98675 ] } },
{ "type": "Feature", "properties": { "index": 513, "faixa_img": 15, "numero_img": 397, "nome_img": "MULTICAPTURA_6430_000397", "time_img": 1745429485, "long_img": -50.205005555555559, "lat_img": -29.986527777777777, "ele_img": 20.3 }, "geometry": { "type": "Point", "coordinates": [ -50.205005555555559, -29.986527777777777 ] } },
{ "type": "Feature", "properties": { "index": 514, "faixa_img": 15, "numero_img": 398, "nome_img": "MULTICAPTURA_6430_000398", "time_img": 1745429487, "long_img": -50.205155555555557, "lat_img": -29.986527777777777, "ele_img": 19.8 }, "geometry": { "type": "Point", "coordinates": [ -50.205155555555557, -29.986527777777777 ] } },
{ "type": "Feature", "properties": { "index": 515, "faixa_img": 15, "numero_img": 399, "nome_img": "MULTICAPTURA_6430_000399", "time_img": 1745429489, "long_img": -50.205294444444448, "lat_img": -29.986533333333334, "ele_img": 19.1 }, "geometry": { "type": "Point", "coordinates": [ -50.205294444444448, -29.986533333333334 ] } },
{ "type": "Feature", "properties": { "index": 516, "faixa_img": 15, "numero_img": 400, "nome_img": "MULTICAPTURA_6430_000400", "time_img": 1745429491, "long_img": -50.205430555555559, "lat_img": -29.986536111111111, "ele_img": 18.1 }, "geometry": { "type": "Point", "coordinates": [ -50.205430555555559, -29.986536111111111 ] } },
{ "type": "Feature", "properties": { "index": 517, "faixa_img": 15, "numero_img": 402, "nome_img": "MULTICAPTURA_6430_000402", "time_img": 1745429495, "long_img": -50.20568055555556, "lat_img": -29.986558333333335, "ele_img": 15.0 }, "geometry": { "type": "Point", "coordinates": [ -50.20568055555556, -29.986558333333335 ] } },
{ "type": "Feature", "properties": { "index": 518, "faixa_img": 15, "numero_img": 403, "nome_img": "MULTICAPTURA_6430_000403", "time_img": 1745429497, "long_img": -50.205819444444444, "lat_img": -29.986561111111111, "ele_img": 14.0 }, "geometry": { "type": "Point", "coordinates": [ -50.205819444444444, -29.986561111111111 ] } },
{ "type": "Feature", "properties": { "index": 519, "faixa_img": 15, "numero_img": 404, "nome_img": "MULTICAPTURA_6430_000404", "time_img": 1745429499, "long_img": -50.205980555555556, "lat_img": -29.986516666666667, "ele_img": 14.0 }, "geometry": { "type": "Point", "coordinates": [ -50.205980555555556, -29.986516666666667 ] } },
{ "type": "Feature", "properties": { "index": 520, "faixa_img": 16, "numero_img": 443, "nome_img": "MULTICAPTURA_6430_000443", "time_img": 1745429577, "long_img": -50.20397777777778, "lat_img": -29.983522222222224, "ele_img": 21.9 }, "geometry": { "type": "Point", "coordinates": [ -50.20397777777778, -29.983522222222224 ] } },
{ "type": "Feature", "properties": { "index": 521, "faixa_img": 16, "numero_img": 444, "nome_img": "MULTICAPTURA_6430_000444", "time_img": 1745429579, "long_img": -50.204036111111115, "lat_img": -29.9834, "ele_img": 21.7 }, "geometry": { "type": "Point", "coordinates": [ -50.204036111111115, -29.9834 ] } },
{ "type": "Feature", "properties": { "index": 522, "faixa_img": 16, "numero_img": 445, "nome_img": "MULTICAPTURA_6430_000445", "time_img": 1745429581, "long_img": -50.204113888888891, "lat_img": -29.983294444444443, "ele_img": 21.6 }, "geometry": { "type": "Point", "coordinates": [ -50.204113888888891, -29.983294444444443 ] } },
{ "type": "Feature", "properties": { "index": 523, "faixa_img": 16, "numero_img": 446, "nome_img": "MULTICAPTURA_6430_000446", "time_img": 1745429583, "long_img": -50.204208333333334, "lat_img": -29.9832, "ele_img": 21.5 }, "geometry": { "type": "Point", "coordinates": [ -50.204208333333334, -29.9832 ] } },
{ "type": "Feature", "properties": { "index": 524, "faixa_img": 16, "numero_img": 447, "nome_img": "MULTICAPTURA_6430_000447", "time_img": 1745429585, "long_img": -50.204319444444444, "lat_img": -29.983122222222221, "ele_img": 21.5 }, "geometry": { "type": "Point", "coordinates": [ -50.204319444444444, -29.983122222222221 ] } },
{ "type": "Feature", "properties": { "index": 525, "faixa_img": 16, "numero_img": 448, "nome_img": "MULTICAPTURA_6430_000448", "time_img": 1745429587, "long_img": -50.204452777777782, "lat_img": -29.983055555555556, "ele_img": 21.3 }, "geometry": { "type": "Point", "coordinates": [ -50.204452777777782, -29.983055555555556 ] } },
{ "type": "Feature", "properties": { "index": 526, "faixa_img": 16, "numero_img": 449, "nome_img": "MULTICAPTURA_6430_000449", "time_img": 1745429589, "long_img": -50.204597222222226, "lat_img": -29.983008055555555, "ele_img": 21.4 }, "geometry": { "type": "Point", "coordinates": [ -50.204597222222226, -29.983008055555555 ] } },
{ "type": "Feature", "properties": { "index": 527, "faixa_img": 16, "numero_img": 450, "nome_img": "MULTICAPTURA_6430_000450", "time_img": 1745429591, "long_img": -50.204769444444445, "lat_img": -29.982969444444443, "ele_img": 21.2 }, "geometry": { "type": "Point", "coordinates": [ -50.204769444444445, -29.982969444444443 ] } },
{ "type": "Feature", "properties": { "index": 528, "faixa_img": 16, "numero_img": 451, "nome_img": "MULTICAPTURA_6430_000451", "time_img": 1745429593, "long_img": -50.20494166666667, "lat_img": -29.982933333333332, "ele_img": 21.2 }, "geometry": { "type": "Point", "coordinates": [ -50.20494166666667, -29.982933333333332 ] } },
{ "type": "Feature", "properties": { "index": 529, "faixa_img": 16, "numero_img": 452, "nome_img": "MULTICAPTURA_6430_000452", "time_img": 1745429595, "long_img": -50.205111111111115, "lat_img": -29.982899722222221, "ele_img": 21.2 }, "geometry": { "type": "Point", "coordinates": [ -50.205111111111115, -29.982899722222221 ] } },
{ "type": "Feature", "properties": { "index": 530, "faixa_img": 16, "numero_img": 453, "nome_img": "MULTICAPTURA_6430_000453", "time_img": 1745429597, "long_img": -50.20525555555556, "lat_img": -29.982869444444443, "ele_img": 21.3 }, "geometry": { "type": "Point", "coordinates": [ -50.20525555555556, -29.982869444444443 ] } },
{ "type": "Feature", "properties": { "index": 531, "faixa_img": 16, "numero_img": 454, "nome_img": "MULTICAPTURA_6430_000454", "time_img": 1745429599, "long_img": -50.205397222222224, "lat_img": -29.982841666666666, "ele_img": 21.3 }, "geometry": { "type": "Point", "coordinates": [ -50.205397222222224, -29.982841666666666 ] } },
{ "type": "Feature", "properties": { "index": 532, "faixa_img": 16, "numero_img": 455, "nome_img": "MULTICAPTURA_6430_000455", "time_img": 1745429601, "long_img": -50.205513888888895, "lat_img": -29.982810833333332, "ele_img": 21.1 }, "geometry": { "type": "Point", "coordinates": [ -50.205513888888895, -29.982810833333332 ] } },
{ "type": "Feature", "properties": { "index": 533, "faixa_img": 16, "numero_img": 456, "nome_img": "MULTICAPTURA_6430_000456", "time_img": 1745429603, "long_img": -50.205622222222225, "lat_img": -29.982771944444444, "ele_img": 21.0 }, "geometry": { "type": "Point", "coordinates": [ -50.205622222222225, -29.982771944444444 ] } },
{ "type": "Feature", "properties": { "index": 534, "faixa_img": 16, "numero_img": 457, "nome_img": "MULTICAPTURA_6430_000457", "time_img": 1745429605, "long_img": -50.205716666666667, "lat_img": -29.982725, "ele_img": 20.6 }, "geometry": { "type": "Point", "coordinates": [ -50.205716666666667, -29.982725 ] } },
{ "type": "Feature", "properties": { "index": 535, "faixa_img": 16, "numero_img": 458, "nome_img": "MULTICAPTURA_6430_000458", "time_img": 1745429607, "long_img": -50.2058, "lat_img": -29.982669444444443, "ele_img": 20.5 }, "geometry": { "type": "Point", "coordinates": [ -50.2058, -29.982669444444443 ] } },
{ "type": "Feature", "properties": { "index": 537, "faixa_img": 16, "numero_img": 460, "nome_img": "MULTICAPTURA_6430_000460", "time_img": 1745429611, "long_img": -50.205922222222227, "lat_img": -29.982546944444444, "ele_img": 20.5 }, "geometry": { "type": "Point", "coordinates": [ -50.205922222222227, -29.982546944444444 ] } },
{ "type": "Feature", "properties": { "index": 539, "faixa_img": 16, "numero_img": 465, "nome_img": "MULTICAPTURA_6430_000465", "time_img": 1745429621, "long_img": -50.206041666666671, "lat_img": -29.982377777777778, "ele_img": 22.0 }, "geometry": { "type": "Point", "coordinates": [ -50.206041666666671, -29.982377777777778 ] } },
{ "type": "Feature", "properties": { "index": 540, "faixa_img": 16, "numero_img": 466, "nome_img": "MULTICAPTURA_6430_000466", "time_img": 1745429623, "long_img": -50.206116666666667, "lat_img": -29.982310833333333, "ele_img": 22.0 }, "geometry": { "type": "Point", "coordinates": [ -50.206116666666667, -29.982310833333333 ] } },
{ "type": "Feature", "properties": { "index": 541, "faixa_img": 16, "numero_img": 467, "nome_img": "MULTICAPTURA_6430_000467", "time_img": 1745429625, "long_img": -50.20621388888889, "lat_img": -29.982272222222221, "ele_img": 21.9 }, "geometry": { "type": "Point", "coordinates": [ -50.20621388888889, -29.982272222222221 ] } },
{ "type": "Feature", "properties": { "index": 542, "faixa_img": 17, "numero_img": 472, "nome_img": "MULTICAPTURA_6430_000472", "time_img": 1745429635, "long_img": -50.20644166666667, "lat_img": -29.982613888888888, "ele_img": 21.3 }, "geometry": { "type": "Point", "coordinates": [ -50.20644166666667, -29.982613888888888 ] } },
{ "type": "Feature", "properties": { "index": 543, "faixa_img": 17, "numero_img": 473, "nome_img": "MULTICAPTURA_6430_000473", "time_img": 1745429637, "long_img": -50.20635, "lat_img": -29.982666388888887, "ele_img": 21.2 }, "geometry": { "type": "Point", "coordinates": [ -50.20635, -29.982666388888887 ] } },
{ "type": "Feature", "properties": { "index": 544, "faixa_img": 17, "numero_img": 474, "nome_img": "MULTICAPTURA_6430_000474", "time_img": 1745429639, "long_img": -50.206227777777784, "lat_img": -29.982669444444443, "ele_img": 20.8 }, "geometry": { "type": "Point", "coordinates": [ -50.206227777777784, -29.982669444444443 ] } },
{ "type": "Feature", "properties": { "index": 545, "faixa_img": 17, "numero_img": 475, "nome_img": "MULTICAPTURA_6430_000475", "time_img": 1745429641, "long_img": -50.206122222222227, "lat_img": -29.9826275, "ele_img": 20.8 }, "geometry": { "type": "Point", "coordinates": [ -50.206122222222227, -29.9826275 ] } },
{ "type": "Feature", "properties": { "index": 547, "faixa_img": 19, "numero_img": 487, "nome_img": "MULTICAPTURA_6430_000487", "time_img": 1745429665, "long_img": -50.206033333333338, "lat_img": -29.982735833333333, "ele_img": 20.3 }, "geometry": { "type": "Point", "coordinates": [ -50.206033333333338, -29.982735833333333 ] } },
{ "type": "Feature", "properties": { "index": 548, "faixa_img": 19, "numero_img": 488, "nome_img": "MULTICAPTURA_6430_000488", "time_img": 1745429667, "long_img": -50.205866666666672, "lat_img": -29.982769444444443, "ele_img": 20.1 }, "geometry": { "type": "Point", "coordinates": [ -50.205866666666672, -29.982769444444443 ] } },
{ "type": "Feature", "properties": { "index": 549, "faixa_img": 20, "numero_img": 547, "nome_img": "MULTICAPTURA_6430_000547", "time_img": 1745429785, "long_img": -50.203983333333333, "lat_img": -29.983633333333334, "ele_img": 20.5 }, "geometry": { "type": "Point", "coordinates": [ -50.203983333333333, -29.983633333333334 ] } },
{ "type": "Feature", "properties": { "index": 550, "faixa_img": 20, "numero_img": 548, "nome_img": "MULTICAPTURA_6430_000548", "time_img": 1745429787, "long_img": -50.203972222222227, "lat_img": -29.983783333333335, "ele_img": 20.4 }, "geometry": { "type": "Point", "coordinates": [ -50.203972222222227, -29.983783333333335 ] } },
{ "type": "Feature", "properties": { "index": 551, "faixa_img": 20, "numero_img": 549, "nome_img": "MULTICAPTURA_6430_000549", "time_img": 1745429789, "long_img": -50.203991666666667, "lat_img": -29.983947222222223, "ele_img": 20.3 }, "geometry": { "type": "Point", "coordinates": [ -50.203991666666667, -29.983947222222223 ] } },
{ "type": "Feature", "properties": { "index": 552, "faixa_img": 20, "numero_img": 550, "nome_img": "MULTICAPTURA_6430_000550", "time_img": 1745429791, "long_img": -50.204030555555562, "lat_img": -29.984044444444446, "ele_img": 20.2 }, "geometry": { "type": "Point", "coordinates": [ -50.204030555555562, -29.984044444444446 ] } },
{ "type": "Feature", "properties": { "index": 553, "faixa_img": 20, "numero_img": 567, "nome_img": "MULTICAPTURA_6430_000567", "time_img": 1745429825, "long_img": -50.204094444444451, "lat_img": -29.984172222222224, "ele_img": 18.5 }, "geometry": { "type": "Point", "coordinates": [ -50.204094444444451, -29.984172222222224 ] } },
{ "type": "Feature", "properties": { "index": 555, "faixa_img": 20, "numero_img": 569, "nome_img": "MULTICAPTURA_6430_000569", "time_img": 1745429829, "long_img": -50.204247222222222, "lat_img": -29.98435, "ele_img": 18.6 }, "geometry": { "type": "Point", "coordinates": [ -50.204247222222222, -29.98435 ] } },
{ "type": "Feature", "properties": { "index": 556, "faixa_img": 20, "numero_img": 570, "nome_img": "MULTICAPTURA_6430_000570", "time_img": 1745429831, "long_img": -50.204352777777778, "lat_img": -29.984458333333333, "ele_img": 18.5 }, "geometry": { "type": "Point", "coordinates": [ -50.204352777777778, -29.984458333333333 ] } },
{ "type": "Feature", "properties": { "index": 557, "faixa_img": 20, "numero_img": 571, "nome_img": "MULTICAPTURA_6430_000571", "time_img": 1745429833, "long_img": -50.204480555555556, "lat_img": -29.984591666666667, "ele_img": 18.4 }, "geometry": { "type": "Point", "coordinates": [ -50.204480555555556, -29.984591666666667 ] } },
{ "type": "Feature", "properties": { "index": 558, "faixa_img": 20, "numero_img": 572, "nome_img": "MULTICAPTURA_6430_000572", "time_img": 1745429835, "long_img": -50.2046, "lat_img": -29.98471111111111, "ele_img": 18.2 }, "geometry": { "type": "Point", "coordinates": [ -50.2046, -29.98471111111111 ] } },
{ "type": "Feature", "properties": { "index": 559, "faixa_img": 20, "numero_img": 573, "nome_img": "MULTICAPTURA_6430_000573", "time_img": 1745429837, "long_img": -50.204730555555557, "lat_img": -29.984844444444445, "ele_img": 18.1 }, "geometry": { "type": "Point", "coordinates": [ -50.204730555555557, -29.984844444444445 ] } },
{ "type": "Feature", "properties": { "index": 560, "faixa_img": 20, "numero_img": 574, "nome_img": "MULTICAPTURA_6430_000574", "time_img": 1745429839, "long_img": -50.204869444444448, "lat_img": -29.984983333333336, "ele_img": 17.9 }, "geometry": { "type": "Point", "coordinates": [ -50.204869444444448, -29.984983333333336 ] } },
{ "type": "Feature", "properties": { "index": 561, "faixa_img": 20, "numero_img": 575, "nome_img": "MULTICAPTURA_6430_000575", "time_img": 1745429841, "long_img": -50.205005555555559, "lat_img": -29.985125, "ele_img": 17.9 }, "geometry": { "type": "Point", "coordinates": [ -50.205005555555559, -29.985125 ] } },
{ "type": "Feature", "properties": { "index": 562, "faixa_img": 20, "numero_img": 576, "nome_img": "MULTICAPTURA_6430_000576", "time_img": 1745429843, "long_img": -50.205125, "lat_img": -29.985247222222224, "ele_img": 17.8 }, "geometry": { "type": "Point", "coordinates": [ -50.205125, -29.985247222222224 ] } },
{ "type": "Feature", "properties": { "index": 563, "faixa_img": 20, "numero_img": 577, "nome_img": "MULTICAPTURA_6430_000577", "time_img": 1745429845, "long_img": -50.205261111111113, "lat_img": -29.985388888888888, "ele_img": 17.9 }, "geometry": { "type": "Point", "coordinates": [ -50.205261111111113, -29.985388888888888 ] } },
{ "type": "Feature", "properties": { "index": 564, "faixa_img": 20, "numero_img": 578, "nome_img": "MULTICAPTURA_6430_000578", "time_img": 1745429847, "long_img": -50.205386111111117, "lat_img": -29.985519444444446, "ele_img": 17.7 }, "geometry": { "type": "Point", "coordinates": [ -50.205386111111117, -29.985519444444446 ] } },
{ "type": "Feature", "properties": { "index": 565, "faixa_img": 20, "numero_img": 579, "nome_img": "MULTICAPTURA_6430_000579", "time_img": 1745429849, "long_img": -50.205522222222228, "lat_img": -29.985658333333333, "ele_img": 17.6 }, "geometry": { "type": "Point", "coordinates": [ -50.205522222222228, -29.985658333333333 ] } },
{ "type": "Feature", "properties": { "index": 566, "faixa_img": 20, "numero_img": 580, "nome_img": "MULTICAPTURA_6430_000580", "time_img": 1745429851, "long_img": -50.20565, "lat_img": -29.985788888888891, "ele_img": 17.5 }, "geometry": { "type": "Point", "coordinates": [ -50.20565, -29.985788888888891 ] } },
{ "type": "Feature", "properties": { "index": 567, "faixa_img": 20, "numero_img": 581, "nome_img": "MULTICAPTURA_6430_000581", "time_img": 1745429853, "long_img": -50.20578888888889, "lat_img": -29.985905555555558, "ele_img": 17.5 }, "geometry": { "type": "Point", "coordinates": [ -50.20578888888889, -29.985905555555558 ] } },
{ "type": "Feature", "properties": { "index": 568, "faixa_img": 20, "numero_img": 582, "nome_img": "MULTICAPTURA_6430_000582", "time_img": 1745429855, "long_img": -50.205955555555562, "lat_img": -29.985994444444444, "ele_img": 17.5 }, "geometry": { "type": "Point", "coordinates": [ -50.205955555555562, -29.985994444444444 ] } },
{ "type": "Feature", "properties": { "index": 569, "faixa_img": 20, "numero_img": 583, "nome_img": "MULTICAPTURA_6430_000583", "time_img": 1745429857, "long_img": -50.206136111111114, "lat_img": -29.986052777777779, "ele_img": 17.6 }, "geometry": { "type": "Point", "coordinates": [ -50.206136111111114, -29.986052777777779 ] } },
{ "type": "Feature", "properties": { "index": 570, "faixa_img": 21, "numero_img": 586, "nome_img": "MULTICAPTURA_6430_000586", "time_img": 1745429863, "long_img": -50.20665, "lat_img": -29.986030555555555, "ele_img": 17.6 }, "geometry": { "type": "Point", "coordinates": [ -50.20665, -29.986030555555555 ] } },
{ "type": "Feature", "properties": { "index": 571, "faixa_img": 21, "numero_img": 587, "nome_img": "MULTICAPTURA_6430_000587", "time_img": 1745429865, "long_img": -50.206905555555558, "lat_img": -29.985983333333333, "ele_img": 17.5 }, "geometry": { "type": "Point", "coordinates": [ -50.206905555555558, -29.985983333333333 ] } },
{ "type": "Feature", "properties": { "index": 572, "faixa_img": 22, "numero_img": 590, "nome_img": "MULTICAPTURA_6430_000590", "time_img": 1745429871, "long_img": -50.207586111111112, "lat_img": -29.985855555555556, "ele_img": 17.0 }, "geometry": { "type": "Point", "coordinates": [ -50.207586111111112, -29.985855555555556 ] } },
{ "type": "Feature", "properties": { "index": 573, "faixa_img": 22, "numero_img": 591, "nome_img": "MULTICAPTURA_6430_000591", "time_img": 1745429873, "long_img": -50.207819444444446, "lat_img": -29.985811111111111, "ele_img": 16.9 }, "geometry": { "type": "Point", "coordinates": [ -50.207819444444446, -29.985811111111111 ] } },
{ "type": "Feature", "properties": { "index": 574, "faixa_img": 22, "numero_img": 592, "nome_img": "MULTICAPTURA_6430_000592", "time_img": 1745429875, "long_img": -50.208038888888893, "lat_img": -29.985769444444447, "ele_img": 17.0 }, "geometry": { "type": "Point", "coordinates": [ -50.208038888888893, -29.985769444444447 ] } },
{ "type": "Feature", "properties": { "index": 575, "faixa_img": 22, "numero_img": 593, "nome_img": "MULTICAPTURA_6430_000593", "time_img": 1745429877, "long_img": -50.208238888888893, "lat_img": -29.985733333333336, "ele_img": 17.0 }, "geometry": { "type": "Point", "coordinates": [ -50.208238888888893, -29.985733333333336 ] } },
{ "type": "Feature", "properties": { "index": 576, "faixa_img": 22, "numero_img": 594, "nome_img": "MULTICAPTURA_6430_000594", "time_img": 1745429879, "long_img": -50.208461111111113, "lat_img": -29.985688888888891, "ele_img": 17.0 }, "geometry": { "type": "Point", "coordinates": [ -50.208461111111113, -29.985688888888891 ] } },
{ "type": "Feature", "properties": { "index": 577, "faixa_img": 22, "numero_img": 595, "nome_img": "MULTICAPTURA_6430_000595", "time_img": 1745429881, "long_img": -50.208661111111113, "lat_img": -29.985641666666666, "ele_img": 17.2 }, "geometry": { "type": "Point", "coordinates": [ -50.208661111111113, -29.985641666666666 ] } },
{ "type": "Feature", "properties": { "index": 578, "faixa_img": 22, "numero_img": 596, "nome_img": "MULTICAPTURA_6430_000596", "time_img": 1745429883, "long_img": -50.208866666666673, "lat_img": -29.98556388888889, "ele_img": 17.2 }, "geometry": { "type": "Point", "coordinates": [ -50.208866666666673, -29.98556388888889 ] } },
{ "type": "Feature", "properties": { "index": 579, "faixa_img": 22, "numero_img": 597, "nome_img": "MULTICAPTURA_6430_000597", "time_img": 1745429885, "long_img": -50.209033333333338, "lat_img": -29.985466666666667, "ele_img": 17.2 }, "geometry": { "type": "Point", "coordinates": [ -50.209033333333338, -29.985466666666667 ] } },
{ "type": "Feature", "properties": { "index": 580, "faixa_img": 22, "numero_img": 598, "nome_img": "MULTICAPTURA_6430_000598", "time_img": 1745429887, "long_img": -50.209169444444449, "lat_img": -29.985355555555557, "ele_img": 17.4 }, "geometry": { "type": "Point", "coordinates": [ -50.209169444444449, -29.985355555555557 ] } },
{ "type": "Feature", "properties": { "index": 581, "faixa_img": 22, "numero_img": 599, "nome_img": "MULTICAPTURA_6430_000599", "time_img": 1745429889, "long_img": -50.209255555555558, "lat_img": -29.985236111111114, "ele_img": 17.5 }, "geometry": { "type": "Point", "coordinates": [ -50.209255555555558, -29.985236111111114 ] } },
{ "type": "Feature", "properties": { "index": 582, "faixa_img": 22, "numero_img": 600, "nome_img": "MULTICAPTURA_6430_000600", "time_img": 1745429891, "long_img": -50.209294444444446, "lat_img": -29.985105555555556, "ele_img": 17.5 }, "geometry": { "type": "Point", "coordinates": [ -50.209294444444446, -29.985105555555556 ] } },
{ "type": "Feature", "properties": { "index": 583, "faixa_img": 22, "numero_img": 605, "nome_img": "MULTICAPTURA_6430_000605", "time_img": 1745429901, "long_img": -50.209602777777782, "lat_img": -29.984966666666669, "ele_img": 17.5 }, "geometry": { "type": "Point", "coordinates": [ -50.209602777777782, -29.984966666666669 ] } },
{ "type": "Feature", "properties": { "index": 584, "faixa_img": 22, "numero_img": 606, "nome_img": "MULTICAPTURA_6430_000606", "time_img": 1745429903, "long_img": -50.209577777777781, "lat_img": -29.985063888888888, "ele_img": 17.5 }, "geometry": { "type": "Point", "coordinates": [ -50.209577777777781, -29.985063888888888 ] } },
{ "type": "Feature", "properties": { "index": 585, "faixa_img": 22, "numero_img": 607, "nome_img": "MULTICAPTURA_6430_000607", "time_img": 1745429905, "long_img": -50.209466666666671, "lat_img": -29.985116666666666, "ele_img": 17.5 }, "geometry": { "type": "Point", "coordinates": [ -50.209466666666671, -29.985116666666666 ] } },
{ "type": "Feature", "properties": { "index": 586, "faixa_img": 22, "numero_img": 609, "nome_img": "MULTICAPTURA_6430_000609", "time_img": 1745429909, "long_img": -50.209313888888893, "lat_img": -29.984977777777779, "ele_img": 17.7 }, "geometry": { "type": "Point", "coordinates": [ -50.209313888888893, -29.984977777777779 ] } },
{ "type": "Feature", "properties": { "index": 587, "faixa_img": 23, "numero_img": 13, "nome_img": "MULTICAPTURA_7049_000013", "time_img": 1745439337, "long_img": -50.203847222222223, "lat_img": -29.983505555555556, "ele_img": 15.0 }, "geometry": { "type": "Point", "coordinates": [ -50.203847222222223, -29.983505555555556 ] } },
{ "type": "Feature", "properties": { "index": 589, "faixa_img": 23, "numero_img": 15, "nome_img": "MULTICAPTURA_7049_000015", "time_img": 1745439341, "long_img": -50.203677777777777, "lat_img": -29.983494444444446, "ele_img": 15.2 }, "geometry": { "type": "Point", "coordinates": [ -50.203677777777777, -29.983494444444446 ] } },
{ "type": "Feature", "properties": { "index": 590, "faixa_img": 23, "numero_img": 16, "nome_img": "MULTICAPTURA_7049_000016", "time_img": 1745439343, "long_img": -50.203575, "lat_img": -29.983491666666669, "ele_img": 15.3 }, "geometry": { "type": "Point", "coordinates": [ -50.203575, -29.983491666666669 ] } },
{ "type": "Feature", "properties": { "index": 591, "faixa_img": 23, "numero_img": 17, "nome_img": "MULTICAPTURA_7049_000017", "time_img": 1745439345, "long_img": -50.20346111111111, "lat_img": -29.983486111111112, "ele_img": 15.8 }, "geometry": { "type": "Point", "coordinates": [ -50.20346111111111, -29.983486111111112 ] } },
{ "type": "Feature", "properties": { "index": 592, "faixa_img": 23, "numero_img": 18, "nome_img": "MULTICAPTURA_7049_000018", "time_img": 1745439347, "long_img": -50.20335, "lat_img": -29.983475, "ele_img": 15.7 }, "geometry": { "type": "Point", "coordinates": [ -50.20335, -29.983475 ] } },
{ "type": "Feature", "properties": { "index": 593, "faixa_img": 23, "numero_img": 19, "nome_img": "MULTICAPTURA_7049_000019", "time_img": 1745439349, "long_img": -50.203241666666671, "lat_img": -29.983463888888888, "ele_img": 15.7 }, "geometry": { "type": "Point", "coordinates": [ -50.203241666666671, -29.983463888888888 ] } },
{ "type": "Feature", "properties": { "index": 594, "faixa_img": 23, "numero_img": 20, "nome_img": "MULTICAPTURA_7049_000020", "time_img": 1745439351, "long_img": -50.203136111111114, "lat_img": -29.983455555555558, "ele_img": 16.1 }, "geometry": { "type": "Point", "coordinates": [ -50.203136111111114, -29.983455555555558 ] } },
{ "type": "Feature", "properties": { "index": 596, "faixa_img": 23, "numero_img": 22, "nome_img": "MULTICAPTURA_7049_000022", "time_img": 1745439355, "long_img": -50.202927777777781, "lat_img": -29.983441666666668, "ele_img": 16.5 }, "geometry": { "type": "Point", "coordinates": [ -50.202927777777781, -29.983441666666668 ] } },
{ "type": "Feature", "properties": { "index": 597, "faixa_img": 23, "numero_img": 23, "nome_img": "MULTICAPTURA_7049_000023", "time_img": 1745439357, "long_img": -50.202811111111117, "lat_img": -29.983391666666666, "ele_img": 16.3 }, "geometry": { "type": "Point", "coordinates": [ -50.202811111111117, -29.983391666666666 ] } },
{ "type": "Feature", "properties": { "index": 598, "faixa_img": 23, "numero_img": 24, "nome_img": "MULTICAPTURA_7049_000024", "time_img": 1745439359, "long_img": -50.202722222222228, "lat_img": -29.98332222222222, "ele_img": 16.6 }, "geometry": { "type": "Point", "coordinates": [ -50.202722222222228, -29.98332222222222 ] } },
{ "type": "Feature", "properties": { "index": 599, "faixa_img": 23, "numero_img": 25, "nome_img": "MULTICAPTURA_7049_000025", "time_img": 1745439361, "long_img": -50.202647222222225, "lat_img": -29.98325, "ele_img": 17.2 }, "geometry": { "type": "Point", "coordinates": [ -50.202647222222225, -29.98325 ] } },
{ "type": "Feature", "properties": { "index": 600, "faixa_img": 23, "numero_img": 26, "nome_img": "MULTICAPTURA_7049_000026", "time_img": 1745439363, "long_img": -50.202561111111116, "lat_img": -29.983155555555555, "ele_img": 17.2 }, "geometry": { "type": "Point", "coordinates": [ -50.202561111111116, -29.983155555555555 ] } },
{ "type": "Feature", "properties": { "index": 601, "faixa_img": 23, "numero_img": 27, "nome_img": "MULTICAPTURA_7049_000027", "time_img": 1745439365, "long_img": -50.202469444444446, "lat_img": -29.983077777777776, "ele_img": 17.3 }, "geometry": { "type": "Point", "coordinates": [ -50.202469444444446, -29.983077777777776 ] } },
{ "type": "Feature", "properties": { "index": 602, "faixa_img": 23, "numero_img": 28, "nome_img": "MULTICAPTURA_7049_000028", "time_img": 1745439367, "long_img": -50.20236388888889, "lat_img": -29.983030555555555, "ele_img": 17.6 }, "geometry": { "type": "Point", "coordinates": [ -50.20236388888889, -29.983030555555555 ] } },
{ "type": "Feature", "properties": { "index": 603, "faixa_img": 23, "numero_img": 29, "nome_img": "MULTICAPTURA_7049_000029", "time_img": 1745439369, "long_img": -50.202222222222225, "lat_img": -29.982991388888887, "ele_img": 18.5 }, "geometry": { "type": "Point", "coordinates": [ -50.202222222222225, -29.982991388888887 ] } },
{ "type": "Feature", "properties": { "index": 604, "faixa_img": 23, "numero_img": 30, "nome_img": "MULTICAPTURA_7049_000030", "time_img": 1745439371, "long_img": -50.202097222222228, "lat_img": -29.982975, "ele_img": 18.4 }, "geometry": { "type": "Point", "coordinates": [ -50.202097222222228, -29.982975 ] } },
{ "type": "Feature", "properties": { "index": 605, "faixa_img": 23, "numero_img": 31, "nome_img": "MULTICAPTURA_7049_000031", "time_img": 1745439373, "long_img": -50.20193888888889, "lat_img": -29.982980277777777, "ele_img": 18.1 }, "geometry": { "type": "Point", "coordinates": [ -50.20193888888889, -29.982980277777777 ] } },
{ "type": "Feature", "properties": { "index": 606, "faixa_img": 23, "numero_img": 32, "nome_img": "MULTICAPTURA_7049_000032", "time_img": 1745439375, "long_img": -50.201805555555559, "lat_img": -29.983002777777777, "ele_img": 17.6 }, "geometry": { "type": "Point", "coordinates": [ -50.201805555555559, -29.983002777777777 ] } },
{ "type": "Feature", "properties": { "index": 607, "faixa_img": 23, "numero_img": 33, "nome_img": "MULTICAPTURA_7049_000033", "time_img": 1745439377, "long_img": -50.201666666666668, "lat_img": -29.983019444444444, "ele_img": 18.3 }, "geometry": { "type": "Point", "coordinates": [ -50.201666666666668, -29.983019444444444 ] } },
{ "type": "Feature", "properties": { "index": 608, "faixa_img": 23, "numero_img": 34, "nome_img": "MULTICAPTURA_7049_000034", "time_img": 1745439379, "long_img": -50.201533333333337, "lat_img": -29.983044166666666, "ele_img": 18.2 }, "geometry": { "type": "Point", "coordinates": [ -50.201533333333337, -29.983044166666666 ] } },
{ "type": "Feature", "properties": { "index": 609, "faixa_img": 23, "numero_img": 35, "nome_img": "MULTICAPTURA_7049_000035", "time_img": 1745439381, "long_img": -50.201397222222226, "lat_img": -29.983071944444443, "ele_img": 18.8 }, "geometry": { "type": "Point", "coordinates": [ -50.201397222222226, -29.983071944444443 ] } },
{ "type": "Feature", "properties": { "index": 610, "faixa_img": 23, "numero_img": 36, "nome_img": "MULTICAPTURA_7049_000036", "time_img": 1745439383, "long_img": -50.201283333333336, "lat_img": -29.983102777777777, "ele_img": 18.9 }, "geometry": { "type": "Point", "coordinates": [ -50.201283333333336, -29.983102777777777 ] } },
{ "type": "Feature", "properties": { "index": 611, "faixa_img": 23, "numero_img": 37, "nome_img": "MULTICAPTURA_7049_000037", "time_img": 1745439385, "long_img": -50.201175, "lat_img": -29.983138888888888, "ele_img": 19.2 }, "geometry": { "type": "Point", "coordinates": [ -50.201175, -29.983138888888888 ] } },
{ "type": "Feature", "properties": { "index": 612, "faixa_img": 23, "numero_img": 38, "nome_img": "MULTICAPTURA_7049_000038", "time_img": 1745439387, "long_img": -50.201061111111116, "lat_img": -29.983166666666666, "ele_img": 19.4 }, "geometry": { "type": "Point", "coordinates": [ -50.201061111111116, -29.983166666666666 ] } },
{ "type": "Feature", "properties": { "index": 614, "faixa_img": 23, "numero_img": 40, "nome_img": "MULTICAPTURA_7049_000040", "time_img": 1745439391, "long_img": -50.20086666666667, "lat_img": -29.983222222222221, "ele_img": 17.7 }, "geometry": { "type": "Point", "coordinates": [ -50.20086666666667, -29.983222222222221 ] } },
{ "type": "Feature", "properties": { "index": 615, "faixa_img": 23, "numero_img": 41, "nome_img": "MULTICAPTURA_7049_000041", "time_img": 1745439393, "long_img": -50.200766666666667, "lat_img": -29.98325, "ele_img": 18.1 }, "geometry": { "type": "Point", "coordinates": [ -50.200766666666667, -29.98325 ] } },
{ "type": "Feature", "properties": { "index": 616, "faixa_img": 23, "numero_img": 42, "nome_img": "MULTICAPTURA_7049_000042", "time_img": 1745439395, "long_img": -50.20065, "lat_img": -29.983286111111109, "ele_img": 18.9 }, "geometry": { "type": "Point", "coordinates": [ -50.20065, -29.983286111111109 ] } },
{ "type": "Feature", "properties": { "index": 617, "faixa_img": 23, "numero_img": 43, "nome_img": "MULTICAPTURA_7049_000043", "time_img": 1745439397, "long_img": -50.200544444444446, "lat_img": -29.98332222222222, "ele_img": 19.6 }, "geometry": { "type": "Point", "coordinates": [ -50.200544444444446, -29.98332222222222 ] } },
{ "type": "Feature", "properties": { "index": 618, "faixa_img": 23, "numero_img": 44, "nome_img": "MULTICAPTURA_7049_000044", "time_img": 1745439399, "long_img": -50.20044444444445, "lat_img": -29.983363888888888, "ele_img": 19.1 }, "geometry": { "type": "Point", "coordinates": [ -50.20044444444445, -29.983363888888888 ] } },
{ "type": "Feature", "properties": { "index": 619, "faixa_img": 23, "numero_img": 45, "nome_img": "MULTICAPTURA_7049_000045", "time_img": 1745439401, "long_img": -50.200344444444447, "lat_img": -29.9834, "ele_img": 18.7 }, "geometry": { "type": "Point", "coordinates": [ -50.200344444444447, -29.9834 ] } },
{ "type": "Feature", "properties": { "index": 620, "faixa_img": 23, "numero_img": 46, "nome_img": "MULTICAPTURA_7049_000046", "time_img": 1745439403, "long_img": -50.200222222222223, "lat_img": -29.983447222222225, "ele_img": 18.1 }, "geometry": { "type": "Point", "coordinates": [ -50.200222222222223, -29.983447222222225 ] } },
{ "type": "Feature", "properties": { "index": 621, "faixa_img": 23, "numero_img": 47, "nome_img": "MULTICAPTURA_7049_000047", "time_img": 1745439405, "long_img": -50.200113888888893, "lat_img": -29.983491666666669, "ele_img": 18.6 }, "geometry": { "type": "Point", "coordinates": [ -50.200113888888893, -29.983491666666669 ] } },
{ "type": "Feature", "properties": { "index": 622, "faixa_img": 23, "numero_img": 48, "nome_img": "MULTICAPTURA_7049_000048", "time_img": 1745439407, "long_img": -50.199999722222216, "lat_img": -29.983541666666667, "ele_img": 18.3 }, "geometry": { "type": "Point", "coordinates": [ -50.199999722222216, -29.983541666666667 ] } },
{ "type": "Feature", "properties": { "index": 623, "faixa_img": 23, "numero_img": 49, "nome_img": "MULTICAPTURA_7049_000049", "time_img": 1745439409, "long_img": -50.1999, "lat_img": -29.983577777777779, "ele_img": 18.3 }, "geometry": { "type": "Point", "coordinates": [ -50.1999, -29.983577777777779 ] } },
{ "type": "Feature", "properties": { "index": 625, "faixa_img": 23, "numero_img": 51, "nome_img": "MULTICAPTURA_7049_000051", "time_img": 1745439413, "long_img": -50.199780277777776, "lat_img": -29.983683333333335, "ele_img": 17.8 }, "geometry": { "type": "Point", "coordinates": [ -50.199780277777776, -29.983683333333335 ] } },
{ "type": "Feature", "properties": { "index": 627, "faixa_img": 23, "numero_img": 53, "nome_img": "MULTICAPTURA_7049_000053", "time_img": 1745439417, "long_img": -50.199774722222216, "lat_img": -29.983875, "ele_img": 17.5 }, "geometry": { "type": "Point", "coordinates": [ -50.199774722222216, -29.983875 ] } },
{ "type": "Feature", "properties": { "index": 628, "faixa_img": 23, "numero_img": 54, "nome_img": "MULTICAPTURA_7049_000054", "time_img": 1745439419, "long_img": -50.199796944444444, "lat_img": -29.983980555555558, "ele_img": 17.5 }, "geometry": { "type": "Point", "coordinates": [ -50.199796944444444, -29.983980555555558 ] } },
{ "type": "Feature", "properties": { "index": 629, "faixa_img": 23, "numero_img": 55, "nome_img": "MULTICAPTURA_7049_000055", "time_img": 1745439421, "long_img": -50.199830277777771, "lat_img": -29.984080555555558, "ele_img": 17.6 }, "geometry": { "type": "Point", "coordinates": [ -50.199830277777771, -29.984080555555558 ] } },
{ "type": "Feature", "properties": { "index": 630, "faixa_img": 23, "numero_img": 56, "nome_img": "MULTICAPTURA_7049_000056", "time_img": 1745439423, "long_img": -50.199858333333331, "lat_img": -29.984188888888891, "ele_img": 17.4 }, "geometry": { "type": "Point", "coordinates": [ -50.199858333333331, -29.984188888888891 ] } },
{ "type": "Feature", "properties": { "index": 631, "faixa_img": 23, "numero_img": 57, "nome_img": "MULTICAPTURA_7049_000057", "time_img": 1745439425, "long_img": -50.199885833333333, "lat_img": -29.984286111111111, "ele_img": 17.4 }, "geometry": { "type": "Point", "coordinates": [ -50.199885833333333, -29.984286111111111 ] } },
{ "type": "Feature", "properties": { "index": 633, "faixa_img": 23, "numero_img": 59, "nome_img": "MULTICAPTURA_7049_000059", "time_img": 1745439429, "long_img": -50.199941388888888, "lat_img": -29.984425, "ele_img": 17.8 }, "geometry": { "type": "Point", "coordinates": [ -50.199941388888888, -29.984425 ] } },
{ "type": "Feature", "properties": { "index": 635, "faixa_img": 23, "numero_img": 61, "nome_img": "MULTICAPTURA_7049_000061", "time_img": 1745439433, "long_img": -50.199936111111107, "lat_img": -29.984536111111112, "ele_img": 19.5 }, "geometry": { "type": "Point", "coordinates": [ -50.199936111111107, -29.984536111111112 ] } },
{ "type": "Feature", "properties": { "index": 636, "faixa_img": 23, "numero_img": 78, "nome_img": "MULTICAPTURA_7049_000078", "time_img": 1745439467, "long_img": -50.20001944444445, "lat_img": -29.984691666666667, "ele_img": 20.5 }, "geometry": { "type": "Point", "coordinates": [ -50.20001944444445, -29.984691666666667 ] } },
{ "type": "Feature", "properties": { "index": 638, "faixa_img": 23, "numero_img": 80, "nome_img": "MULTICAPTURA_7049_000080", "time_img": 1745439471, "long_img": -50.200155555555561, "lat_img": -29.984819444444444, "ele_img": 19.8 }, "geometry": { "type": "Point", "coordinates": [ -50.200155555555561, -29.984819444444444 ] } },
{ "type": "Feature", "properties": { "index": 640, "faixa_img": 23, "numero_img": 82, "nome_img": "MULTICAPTURA_7049_000082", "time_img": 1745439475, "long_img": -50.200305555555559, "lat_img": -29.984905555555557, "ele_img": 19.5 }, "geometry": { "type": "Point", "coordinates": [ -50.200305555555559, -29.984905555555557 ] } },
{ "type": "Feature", "properties": { "index": 642, "faixa_img": 23, "numero_img": 84, "nome_img": "MULTICAPTURA_7049_000084", "time_img": 1745439479, "long_img": -50.200472222222224, "lat_img": -29.984966666666669, "ele_img": 19.4 }, "geometry": { "type": "Point", "coordinates": [ -50.200472222222224, -29.984966666666669 ] } },
{ "type": "Feature", "properties": { "index": 644, "faixa_img": 23, "numero_img": 86, "nome_img": "MULTICAPTURA_7049_000086", "time_img": 1745439483, "long_img": -50.200641666666669, "lat_img": -29.985022222222224, "ele_img": 18.6 }, "geometry": { "type": "Point", "coordinates": [ -50.200641666666669, -29.985022222222224 ] } },
{ "type": "Feature", "properties": { "index": 646, "faixa_img": 23, "numero_img": 88, "nome_img": "MULTICAPTURA_7049_000088", "time_img": 1745439487, "long_img": -50.200808333333335, "lat_img": -29.985080555555555, "ele_img": 17.1 }, "geometry": { "type": "Point", "coordinates": [ -50.200808333333335, -29.985080555555555 ] } },
{ "type": "Feature", "properties": { "index": 648, "faixa_img": 23, "numero_img": 90, "nome_img": "MULTICAPTURA_7049_000090", "time_img": 1745439491, "long_img": -50.20095833333334, "lat_img": -29.985163888888891, "ele_img": 14.4 }, "geometry": { "type": "Point", "coordinates": [ -50.20095833333334, -29.985163888888891 ] } },
{ "type": "Feature", "properties": { "index": 650, "faixa_img": 23, "numero_img": 92, "nome_img": "MULTICAPTURA_7049_000092", "time_img": 1745439495, "long_img": -50.201105555555557, "lat_img": -29.98525, "ele_img": 12.0 }, "geometry": { "type": "Point", "coordinates": [ -50.201105555555557, -29.98525 ] } },
{ "type": "Feature", "properties": { "index": 652, "faixa_img": 23, "numero_img": 94, "nome_img": "MULTICAPTURA_7049_000094", "time_img": 1745439499, "long_img": -50.20129166666667, "lat_img": -29.985286111111112, "ele_img": 14.4 }, "geometry": { "type": "Point", "coordinates": [ -50.20129166666667, -29.985286111111112 ] } },
{ "type": "Feature", "properties": { "index": 653, "faixa_img": 23, "numero_img": 95, "nome_img": "MULTICAPTURA_7049_000095", "time_img": 1745439501, "long_img": -50.201397222222226, "lat_img": -29.985305555555556, "ele_img": 15.7 }, "geometry": { "type": "Point", "coordinates": [ -50.201397222222226, -29.985305555555556 ] } },
{ "type": "Feature", "properties": { "index": 654, "faixa_img": 23, "numero_img": 96, "nome_img": "MULTICAPTURA_7049_000096", "time_img": 1745439503, "long_img": -50.2015, "lat_img": -29.98532777777778, "ele_img": 17.2 }, "geometry": { "type": "Point", "coordinates": [ -50.2015, -29.98532777777778 ] } },
{ "type": "Feature", "properties": { "index": 655, "faixa_img": 23, "numero_img": 97, "nome_img": "MULTICAPTURA_7049_000097", "time_img": 1745439505, "long_img": -50.201602777777779, "lat_img": -29.985355555555557, "ele_img": 17.7 }, "geometry": { "type": "Point", "coordinates": [ -50.201602777777779, -29.985355555555557 ] } },
{ "type": "Feature", "properties": { "index": 657, "faixa_img": 23, "numero_img": 99, "nome_img": "MULTICAPTURA_7049_000099", "time_img": 1745439509, "long_img": -50.201772222222225, "lat_img": -29.985436111111113, "ele_img": 18.7 }, "geometry": { "type": "Point", "coordinates": [ -50.201772222222225, -29.985436111111113 ] } },
{ "type": "Feature", "properties": { "index": 658, "faixa_img": 23, "numero_img": 100, "nome_img": "MULTICAPTURA_7049_000100", "time_img": 1745439511, "long_img": -50.201861111111114, "lat_img": -29.985497222222222, "ele_img": 18.6 }, "geometry": { "type": "Point", "coordinates": [ -50.201861111111114, -29.985497222222222 ] } },
{ "type": "Feature", "properties": { "index": 660, "faixa_img": 23, "numero_img": 102, "nome_img": "MULTICAPTURA_7049_000102", "time_img": 1745439515, "long_img": -50.201988888888891, "lat_img": -29.9856, "ele_img": 19.0 }, "geometry": { "type": "Point", "coordinates": [ -50.201988888888891, -29.9856 ] } },
{ "type": "Feature", "properties": { "index": 662, "faixa_img": 23, "numero_img": 104, "nome_img": "MULTICAPTURA_7049_000104", "time_img": 1745439519, "long_img": -50.202086111111115, "lat_img": -29.985683333333334, "ele_img": 18.1 }, "geometry": { "type": "Point", "coordinates": [ -50.202086111111115, -29.985683333333334 ] } },
{ "type": "Feature", "properties": { "index": 664, "faixa_img": 23, "numero_img": 106, "nome_img": "MULTICAPTURA_7049_000106", "time_img": 1745439523, "long_img": -50.202175, "lat_img": -29.985788888888891, "ele_img": 17.8 }, "geometry": { "type": "Point", "coordinates": [ -50.202175, -29.985788888888891 ] } },
{ "type": "Feature", "properties": { "index": 666, "faixa_img": 23, "numero_img": 108, "nome_img": "MULTICAPTURA_7049_000108", "time_img": 1745439527, "long_img": -50.202272222222227, "lat_img": -29.985905555555558, "ele_img": 17.7 }, "geometry": { "type": "Point", "coordinates": [ -50.202272222222227, -29.985905555555558 ] } },
{ "type": "Feature", "properties": { "index": 668, "faixa_img": 23, "numero_img": 110, "nome_img": "MULTICAPTURA_7049_000110", "time_img": 1745439531, "long_img": -50.20236666666667, "lat_img": -29.986047222222222, "ele_img": 17.9 }, "geometry": { "type": "Point", "coordinates": [ -50.20236666666667, -29.986047222222222 ] } },
{ "type": "Feature", "properties": { "index": 670, "faixa_img": 23, "numero_img": 112, "nome_img": "MULTICAPTURA_7049_000112", "time_img": 1745439535, "long_img": -50.20245833333334, "lat_img": -29.986191666666667, "ele_img": 17.8 }, "geometry": { "type": "Point", "coordinates": [ -50.20245833333334, -29.986191666666667 ] } },
{ "type": "Feature", "properties": { "index": 672, "faixa_img": 23, "numero_img": 114, "nome_img": "MULTICAPTURA_7049_000114", "time_img": 1745439539, "long_img": -50.202558333333336, "lat_img": -29.986341666666668, "ele_img": 17.5 }, "geometry": { "type": "Point", "coordinates": [ -50.202558333333336, -29.986341666666668 ] } },
{ "type": "Feature", "properties": { "index": 674, "faixa_img": 23, "numero_img": 116, "nome_img": "MULTICAPTURA_7049_000116", "time_img": 1745439543, "long_img": -50.202663888888893, "lat_img": -29.98645, "ele_img": 17.2 }, "geometry": { "type": "Point", "coordinates": [ -50.202663888888893, -29.98645 ] } },
{ "type": "Feature", "properties": { "index": 676, "faixa_img": 23, "numero_img": 118, "nome_img": "MULTICAPTURA_7049_000118", "time_img": 1745439547, "long_img": -50.202780555555556, "lat_img": -29.986511111111113, "ele_img": 17.3 }, "geometry": { "type": "Point", "coordinates": [ -50.202780555555556, -29.986511111111113 ] } },
{ "type": "Feature", "properties": { "index": 678, "faixa_img": 23, "numero_img": 120, "nome_img": "MULTICAPTURA_7049_000120", "time_img": 1745439551, "long_img": -50.202944444444448, "lat_img": -29.986516666666667, "ele_img": 16.7 }, "geometry": { "type": "Point", "coordinates": [ -50.202944444444448, -29.986516666666667 ] } },
{ "type": "Feature", "properties": { "index": 680, "faixa_img": 23, "numero_img": 122, "nome_img": "MULTICAPTURA_7049_000122", "time_img": 1745439555, "long_img": -50.20312777777778, "lat_img": -29.986508333333333, "ele_img": 16.9 }, "geometry": { "type": "Point", "coordinates": [ -50.20312777777778, -29.986508333333333 ] } },
{ "type": "Feature", "properties": { "index": 681, "faixa_img": 23, "numero_img": 123, "nome_img": "MULTICAPTURA_7049_000123", "time_img": 1745439557, "long_img": -50.203236111111117, "lat_img": -29.98651388888889, "ele_img": 18.2 }, "geometry": { "type": "Point", "coordinates": [ -50.203236111111117, -29.98651388888889 ] } },
{ "type": "Feature", "properties": { "index": 683, "faixa_img": 23, "numero_img": 125, "nome_img": "MULTICAPTURA_7049_000125", "time_img": 1745439561, "long_img": -50.203430555555556, "lat_img": -29.986508333333333, "ele_img": 17.4 }, "geometry": { "type": "Point", "coordinates": [ -50.203430555555556, -29.986508333333333 ] } },
{ "type": "Feature", "properties": { "index": 684, "faixa_img": 23, "numero_img": 126, "nome_img": "MULTICAPTURA_7049_000126", "time_img": 1745439563, "long_img": -50.203547222222227, "lat_img": -29.986516666666667, "ele_img": 16.4 }, "geometry": { "type": "Point", "coordinates": [ -50.203547222222227, -29.986516666666667 ] } },
{ "type": "Feature", "properties": { "index": 685, "faixa_img": 23, "numero_img": 127, "nome_img": "MULTICAPTURA_7049_000127", "time_img": 1745439565, "long_img": -50.203669444444451, "lat_img": -29.986522222222224, "ele_img": 16.2 }, "geometry": { "type": "Point", "coordinates": [ -50.203669444444451, -29.986522222222224 ] } },
{ "type": "Feature", "properties": { "index": 686, "faixa_img": 23, "numero_img": 128, "nome_img": "MULTICAPTURA_7049_000128", "time_img": 1745439567, "long_img": -50.203802777777781, "lat_img": -29.986525, "ele_img": 14.6 }, "geometry": { "type": "Point", "coordinates": [ -50.203802777777781, -29.986525 ] } },
{ "type": "Feature", "properties": { "index": 687, "faixa_img": 23, "numero_img": 129, "nome_img": "MULTICAPTURA_7049_000129", "time_img": 1745439569, "long_img": -50.203930555555559, "lat_img": -29.986519444444447, "ele_img": 13.1 }, "geometry": { "type": "Point", "coordinates": [ -50.203930555555559, -29.986519444444447 ] } },
{ "type": "Feature", "properties": { "index": 688, "faixa_img": 23, "numero_img": 130, "nome_img": "MULTICAPTURA_7049_000130", "time_img": 1745439571, "long_img": -50.204072222222223, "lat_img": -29.986519444444447, "ele_img": 11.8 }, "geometry": { "type": "Point", "coordinates": [ -50.204072222222223, -29.986519444444447 ] } },
{ "type": "Feature", "properties": { "index": 689, "faixa_img": 23, "numero_img": 131, "nome_img": "MULTICAPTURA_7049_000131", "time_img": 1745439573, "long_img": -50.204188888888893, "lat_img": -29.986525, "ele_img": 10.0 }, "geometry": { "type": "Point", "coordinates": [ -50.204188888888893, -29.986525 ] } },
{ "type": "Feature", "properties": { "index": 690, "faixa_img": 23, "numero_img": 132, "nome_img": "MULTICAPTURA_7049_000132", "time_img": 1745439575, "long_img": -50.204333333333338, "lat_img": -29.986516666666667, "ele_img": 7.5 }, "geometry": { "type": "Point", "coordinates": [ -50.204333333333338, -29.986516666666667 ] } },
{ "type": "Feature", "properties": { "index": 691, "faixa_img": 23, "numero_img": 133, "nome_img": "MULTICAPTURA_7049_000133", "time_img": 1745439577, "long_img": -50.204483333333336, "lat_img": -29.986519444444447, "ele_img": 9.1 }, "geometry": { "type": "Point", "coordinates": [ -50.204483333333336, -29.986519444444447 ] } },
{ "type": "Feature", "properties": { "index": 692, "faixa_img": 23, "numero_img": 134, "nome_img": "MULTICAPTURA_7049_000134", "time_img": 1745439579, "long_img": -50.204619444444447, "lat_img": -29.986525, "ele_img": 10.3 }, "geometry": { "type": "Point", "coordinates": [ -50.204619444444447, -29.986525 ] } },
{ "type": "Feature", "properties": { "index": 693, "faixa_img": 23, "numero_img": 135, "nome_img": "MULTICAPTURA_7049_000135", "time_img": 1745439581, "long_img": -50.204747222222224, "lat_img": -29.986527777777777, "ele_img": 10.5 }, "geometry": { "type": "Point", "coordinates": [ -50.204747222222224, -29.986527777777777 ] } },
{ "type": "Feature", "properties": { "index": 694, "faixa_img": 24, "numero_img": 146, "nome_img": "MULTICAPTURA_7049_000146", "time_img": 1745439603, "long_img": -50.206186111111116, "lat_img": -29.986372222222222, "ele_img": 11.5 }, "geometry": { "type": "Point", "coordinates": [ -50.206186111111116, -29.986372222222222 ] } },
{ "type": "Feature", "properties": { "index": 695, "faixa_img": 24, "numero_img": 147, "nome_img": "MULTICAPTURA_7049_000147", "time_img": 1745439605, "long_img": -50.206269444444445, "lat_img": -29.986305555555557, "ele_img": 11.7 }, "geometry": { "type": "Point", "coordinates": [ -50.206269444444445, -29.986305555555557 ] } },
{ "type": "Feature", "properties": { "index": 697, "faixa_img": 24, "numero_img": 188, "nome_img": "MULTICAPTURA_7049_000188", "time_img": 1745439687, "long_img": -50.206477777777778, "lat_img": -29.9861, "ele_img": 16.6 }, "geometry": { "type": "Point", "coordinates": [ -50.206477777777778, -29.9861 ] } },
{ "type": "Feature", "properties": { "index": 699, "faixa_img": 24, "numero_img": 191, "nome_img": "MULTICAPTURA_7049_000191", "time_img": 1745439693, "long_img": -50.206325, "lat_img": -29.986130555555558, "ele_img": 16.9 }, "geometry": { "type": "Point", "coordinates": [ -50.206325, -29.986130555555558 ] } },
{ "type": "Feature", "properties": { "index": 701, "faixa_img": 26, "numero_img": 213, "nome_img": "MULTICAPTURA_7049_000213", "time_img": 1745439737, "long_img": -50.204905555555555, "lat_img": -29.986552777777778, "ele_img": 19.2 }, "geometry": { "type": "Point", "coordinates": [ -50.204905555555555, -29.986552777777778 ] } },
{ "type": "Feature", "properties": { "index": 702, "faixa_img": 26, "numero_img": 216, "nome_img": "MULTICAPTURA_7049_000216", "time_img": 1745439743, "long_img": -50.204744444444451, "lat_img": -29.986766666666668, "ele_img": 18.4 }, "geometry": { "type": "Point", "coordinates": [ -50.204744444444451, -29.986766666666668 ] } },
{ "type": "Feature", "properties": { "index": 703, "faixa_img": 26, "numero_img": 218, "nome_img": "MULTICAPTURA_7049_000218", "time_img": 1745439747, "long_img": -50.204588888888892, "lat_img": -29.986969444444444, "ele_img": 18.2 }, "geometry": { "type": "Point", "coordinates": [ -50.204588888888892, -29.986969444444444 ] } },
{ "type": "Feature", "properties": { "index": 704, "faixa_img": 26, "numero_img": 219, "nome_img": "MULTICAPTURA_7049_000219", "time_img": 1745439749, "long_img": -50.204511111111117, "lat_img": -29.987083333333334, "ele_img": 18.0 }, "geometry": { "type": "Point", "coordinates": [ -50.204511111111117, -29.987083333333334 ] } },
{ "type": "Feature", "properties": { "index": 705, "faixa_img": 26, "numero_img": 220, "nome_img": "MULTICAPTURA_7049_000220", "time_img": 1745439751, "long_img": -50.204427777777781, "lat_img": -29.987211111111112, "ele_img": 18.1 }, "geometry": { "type": "Point", "coordinates": [ -50.204427777777781, -29.987211111111112 ] } },
{ "type": "Feature", "properties": { "index": 706, "faixa_img": 26, "numero_img": 221, "nome_img": "MULTICAPTURA_7049_000221", "time_img": 1745439753, "long_img": -50.204358333333339, "lat_img": -29.987316666666668, "ele_img": 18.3 }, "geometry": { "type": "Point", "coordinates": [ -50.204358333333339, -29.987316666666668 ] } },
{ "type": "Feature", "properties": { "index": 707, "faixa_img": 26, "numero_img": 223, "nome_img": "MULTICAPTURA_7049_000223", "time_img": 1745439757, "long_img": -50.204208333333334, "lat_img": -29.987552777777779, "ele_img": 19.0 }, "geometry": { "type": "Point", "coordinates": [ -50.204208333333334, -29.987552777777779 ] } },
{ "type": "Feature", "properties": { "index": 708, "faixa_img": 26, "numero_img": 224, "nome_img": "MULTICAPTURA_7049_000224", "time_img": 1745439759, "long_img": -50.204147222222225, "lat_img": -29.987638888888888, "ele_img": 19.0 }, "geometry": { "type": "Point", "coordinates": [ -50.204147222222225, -29.987638888888888 ] } },
{ "type": "Feature", "properties": { "index": 710, "faixa_img": 26, "numero_img": 226, "nome_img": "MULTICAPTURA_7049_000226", "time_img": 1745439763, "long_img": -50.204044444444449, "lat_img": -29.98778888888889, "ele_img": 18.3 }, "geometry": { "type": "Point", "coordinates": [ -50.204044444444449, -29.98778888888889 ] } },
{ "type": "Feature", "properties": { "index": 712, "faixa_img": 27, "numero_img": 233, "nome_img": "MULTICAPTURA_7049_000233", "time_img": 1745439777, "long_img": -50.203763888888894, "lat_img": -29.98748888888889, "ele_img": 18.5 }, "geometry": { "type": "Point", "coordinates": [ -50.203763888888894, -29.98748888888889 ] } },
{ "type": "Feature", "properties": { "index": 714, "faixa_img": 27, "numero_img": 235, "nome_img": "MULTICAPTURA_7049_000235", "time_img": 1745439781, "long_img": -50.203677777777777, "lat_img": -29.987394444444444, "ele_img": 18.1 }, "geometry": { "type": "Point", "coordinates": [ -50.203677777777777, -29.987394444444444 ] } },
{ "type": "Feature", "properties": { "index": 716, "faixa_img": 27, "numero_img": 246, "nome_img": "MULTICAPTURA_7049_000246", "time_img": 1745439803, "long_img": -50.203808333333335, "lat_img": -29.987605555555557, "ele_img": 18.4 }, "geometry": { "type": "Point", "coordinates": [ -50.203808333333335, -29.987605555555557 ] } },
{ "type": "Feature", "properties": { "index": 718, "faixa_img": 27, "numero_img": 248, "nome_img": "MULTICAPTURA_7049_000248", "time_img": 1745439807, "long_img": -50.203822222222222, "lat_img": -29.987747222222222, "ele_img": 18.5 }, "geometry": { "type": "Point", "coordinates": [ -50.203822222222222, -29.987747222222222 ] } },
{ "type": "Feature", "properties": { "index": 723, "faixa_img": 31, "numero_img": 8, "nome_img": "MULTICAPTURA_7332_000008", "time_img": 1745440782, "long_img": -50.212986111111114, "lat_img": -29.984736111111111, "ele_img": 12.7 }, "geometry": { "type": "Point", "coordinates": [ -50.212986111111114, -29.984736111111111 ] } },
{ "type": "Feature", "properties": { "index": 725, "faixa_img": 31, "numero_img": 10, "nome_img": "MULTICAPTURA_7332_000010", "time_img": 1745440786, "long_img": -50.213136111111112, "lat_img": -29.984694444444447, "ele_img": 12.3 }, "geometry": { "type": "Point", "coordinates": [ -50.213136111111112, -29.984694444444447 ] } },
{ "type": "Feature", "properties": { "index": 726, "faixa_img": 31, "numero_img": 11, "nome_img": "MULTICAPTURA_7332_000011", "time_img": 1745440788, "long_img": -50.213230555555562, "lat_img": -29.984636111111111, "ele_img": 12.3 }, "geometry": { "type": "Point", "coordinates": [ -50.213230555555562, -29.984636111111111 ] } },
{ "type": "Feature", "properties": { "index": 728, "faixa_img": 31, "numero_img": 13, "nome_img": "MULTICAPTURA_7332_000013", "time_img": 1745440792, "long_img": -50.213366666666673, "lat_img": -29.984519444444445, "ele_img": 12.7 }, "geometry": { "type": "Point", "coordinates": [ -50.213366666666673, -29.984519444444445 ] } },
{ "type": "Feature", "properties": { "index": 730, "faixa_img": 31, "numero_img": 15, "nome_img": "MULTICAPTURA_7332_000015", "time_img": 1745440796, "long_img": -50.213447222222229, "lat_img": -29.98438611111111, "ele_img": 12.8 }, "geometry": { "type": "Point", "coordinates": [ -50.213447222222229, -29.98438611111111 ] } },
{ "type": "Feature", "properties": { "index": 732, "faixa_img": 31, "numero_img": 17, "nome_img": "MULTICAPTURA_7332_000017", "time_img": 1745440800, "long_img": -50.213427777777781, "lat_img": -29.984241666666669, "ele_img": 13.8 }, "geometry": { "type": "Point", "coordinates": [ -50.213427777777781, -29.984241666666669 ] } },
{ "type": "Feature", "properties": { "index": 734, "faixa_img": 31, "numero_img": 19, "nome_img": "MULTICAPTURA_7332_000019", "time_img": 1745440804, "long_img": -50.213466666666669, "lat_img": -29.984127777777779, "ele_img": 14.3 }, "geometry": { "type": "Point", "coordinates": [ -50.213466666666669, -29.984127777777779 ] } },
{ "type": "Feature", "properties": { "index": 736, "faixa_img": 31, "numero_img": 21, "nome_img": "MULTICAPTURA_7332_000021", "time_img": 1745440808, "long_img": -50.213536111111111, "lat_img": -29.9842, "ele_img": 14.3 }, "geometry": { "type": "Point", "coordinates": [ -50.213536111111111, -29.9842 ] } },
{ "type": "Feature", "properties": { "index": 737, "faixa_img": 31, "numero_img": 50, "nome_img": "MULTICAPTURA_7332_000050", "time_img": 1745440866, "long_img": -50.213894444444449, "lat_img": -29.984291666666667, "ele_img": 12.7 }, "geometry": { "type": "Point", "coordinates": [ -50.213894444444449, -29.984291666666667 ] } },
{ "type": "Feature", "properties": { "index": 739, "faixa_img": 31, "numero_img": 52, "nome_img": "MULTICAPTURA_7332_000052", "time_img": 1745440870, "long_img": -50.214041666666667, "lat_img": -29.984227777777779, "ele_img": 11.8 }, "geometry": { "type": "Point", "coordinates": [ -50.214041666666667, -29.984227777777779 ] } },
{ "type": "Feature", "properties": { "index": 740, "faixa_img": 31, "numero_img": 53, "nome_img": "MULTICAPTURA_7332_000053", "time_img": 1745440872, "long_img": -50.214130555555556, "lat_img": -29.984175, "ele_img": 12.0 }, "geometry": { "type": "Point", "coordinates": [ -50.214130555555556, -29.984175 ] } },
{ "type": "Feature", "properties": { "index": 741, "faixa_img": 31, "numero_img": 54, "nome_img": "MULTICAPTURA_7332_000054", "time_img": 1745440874, "long_img": -50.214211111111112, "lat_img": -29.984108333333335, "ele_img": 12.0 }, "geometry": { "type": "Point", "coordinates": [ -50.214211111111112, -29.984108333333335 ] } },
{ "type": "Feature", "properties": { "index": 742, "faixa_img": 32, "numero_img": 63, "nome_img": "MULTICAPTURA_7332_000063", "time_img": 1745440892, "long_img": -50.2147, "lat_img": -29.98385, "ele_img": 11.6 }, "geometry": { "type": "Point", "coordinates": [ -50.2147, -29.98385 ] } },
{ "type": "Feature", "properties": { "index": 744, "faixa_img": 32, "numero_img": 65, "nome_img": "MULTICAPTURA_7332_000065", "time_img": 1745440896, "long_img": -50.214572222222223, "lat_img": -29.98393888888889, "ele_img": 11.6 }, "geometry": { "type": "Point", "coordinates": [ -50.214572222222223, -29.98393888888889 ] } },
{ "type": "Feature", "properties": { "index": 746, "faixa_img": 32, "numero_img": 67, "nome_img": "MULTICAPTURA_7332_000067", "time_img": 1745440900, "long_img": -50.214408333333338, "lat_img": -29.984, "ele_img": 12.0 }, "geometry": { "type": "Point", "coordinates": [ -50.214408333333338, -29.984 ] } },
{ "type": "Feature", "properties": { "index": 749, "faixa_img": 34, "numero_img": 19, "nome_img": "MULTICAPTURA_7416_000019", "time_img": 1745441471, "long_img": -50.206077777777779, "lat_img": -29.9821, "ele_img": 17.8 }, "geometry": { "type": "Point", "coordinates": [ -50.206077777777779, -29.9821 ] } },
{ "type": "Feature", "properties": { "index": 750, "faixa_img": 34, "numero_img": 20, "nome_img": "MULTICAPTURA_7416_000020", "time_img": 1745441473, "long_img": -50.206061111111111, "lat_img": -29.981983333333332, "ele_img": 17.8 }, "geometry": { "type": "Point", "coordinates": [ -50.206061111111111, -29.981983333333332 ] } },
{ "type": "Feature", "properties": { "index": 752, "faixa_img": 34, "numero_img": 23, "nome_img": "MULTICAPTURA_7416_000023", "time_img": 1745441479, "long_img": -50.206033333333338, "lat_img": -29.981872222222222, "ele_img": 17.8 }, "geometry": { "type": "Point", "coordinates": [ -50.206033333333338, -29.981872222222222 ] } },
{ "type": "Feature", "properties": { "index": 753, "faixa_img": 34, "numero_img": 25, "nome_img": "MULTICAPTURA_7416_000025", "time_img": 1745441483, "long_img": -50.206, "lat_img": -29.981738888888888, "ele_img": 17.8 }, "geometry": { "type": "Point", "coordinates": [ -50.206, -29.981738888888888 ] } },
{ "type": "Feature", "properties": { "index": 754, "faixa_img": 34, "numero_img": 26, "nome_img": "MULTICAPTURA_7416_000026", "time_img": 1745441485, "long_img": -50.205975, "lat_img": -29.981608055555554, "ele_img": 17.9 }, "geometry": { "type": "Point", "coordinates": [ -50.205975, -29.981608055555554 ] } },
{ "type": "Feature", "properties": { "index": 755, "faixa_img": 34, "numero_img": 27, "nome_img": "MULTICAPTURA_7416_000027", "time_img": 1745441487, "long_img": -50.205944444444448, "lat_img": -29.981488611111111, "ele_img": 18.4 }, "geometry": { "type": "Point", "coordinates": [ -50.205944444444448, -29.981488611111111 ] } },
{ "type": "Feature", "properties": { "index": 756, "faixa_img": 34, "numero_img": 28, "nome_img": "MULTICAPTURA_7416_000028", "time_img": 1745441489, "long_img": -50.205911111111114, "lat_img": -29.981366666666666, "ele_img": 18.5 }, "geometry": { "type": "Point", "coordinates": [ -50.205911111111114, -29.981366666666666 ] } },
{ "type": "Feature", "properties": { "index": 757, "faixa_img": 34, "numero_img": 29, "nome_img": "MULTICAPTURA_7416_000029", "time_img": 1745441491, "long_img": -50.205880555555559, "lat_img": -29.981244166666666, "ele_img": 18.7 }, "geometry": { "type": "Point", "coordinates": [ -50.205880555555559, -29.981244166666666 ] } },
{ "type": "Feature", "properties": { "index": 758, "faixa_img": 34, "numero_img": 30, "nome_img": "MULTICAPTURA_7416_000030", "time_img": 1745441493, "long_img": -50.20585, "lat_img": -29.981113888888888, "ele_img": 19.1 }, "geometry": { "type": "Point", "coordinates": [ -50.20585, -29.981113888888888 ] } },
{ "type": "Feature", "properties": { "index": 759, "faixa_img": 34, "numero_img": 31, "nome_img": "MULTICAPTURA_7416_000031", "time_img": 1745441495, "long_img": -50.205808333333337, "lat_img": -29.981, "ele_img": 19.0 }, "geometry": { "type": "Point", "coordinates": [ -50.205808333333337, -29.981 ] } },
{ "type": "Feature", "properties": { "index": 760, "faixa_img": 34, "numero_img": 32, "nome_img": "MULTICAPTURA_7416_000032", "time_img": 1745441497, "long_img": -50.205744444444449, "lat_img": -29.980905555555555, "ele_img": 19.0 }, "geometry": { "type": "Point", "coordinates": [ -50.205744444444449, -29.980905555555555 ] } },
{ "type": "Feature", "properties": { "index": 762, "faixa_img": 34, "numero_img": 34, "nome_img": "MULTICAPTURA_7416_000034", "time_img": 1745441501, "long_img": -50.205736111111115, "lat_img": -29.980772222222221, "ele_img": 19.4 }, "geometry": { "type": "Point", "coordinates": [ -50.205736111111115, -29.980772222222221 ] } },
{ "type": "Feature", "properties": { "index": 763, "faixa_img": 34, "numero_img": 35, "nome_img": "MULTICAPTURA_7416_000035", "time_img": 1745441503, "long_img": -50.205838888888891, "lat_img": -29.98073611111111, "ele_img": 19.3 }, "geometry": { "type": "Point", "coordinates": [ -50.205838888888891, -29.98073611111111 ] } },
{ "type": "Feature", "properties": { "index": 765, "faixa_img": 34, "numero_img": 37, "nome_img": "MULTICAPTURA_7416_000037", "time_img": 1745441507, "long_img": -50.205966666666669, "lat_img": -29.9808025, "ele_img": 18.8 }, "geometry": { "type": "Point", "coordinates": [ -50.205966666666669, -29.9808025 ] } },
{ "type": "Feature", "properties": { "index": 766, "faixa_img": 34, "numero_img": 38, "nome_img": "MULTICAPTURA_7416_000038", "time_img": 1745441509, "long_img": -50.205966666666669, "lat_img": -29.980925, "ele_img": 18.6 }, "geometry": { "type": "Point", "coordinates": [ -50.205966666666669, -29.980925 ] } },
{ "type": "Feature", "properties": { "index": 767, "faixa_img": 34, "numero_img": 39, "nome_img": "MULTICAPTURA_7416_000039", "time_img": 1745441511, "long_img": -50.205980555555556, "lat_img": -29.981066388888888, "ele_img": 18.4 }, "geometry": { "type": "Point", "coordinates": [ -50.205980555555556, -29.981066388888888 ] } },
{ "type": "Feature", "properties": { "index": 768, "faixa_img": 34, "numero_img": 40, "nome_img": "MULTICAPTURA_7416_000040", "time_img": 1745441513, "long_img": -50.20601388888889, "lat_img": -29.981219166666666, "ele_img": 18.4 }, "geometry": { "type": "Point", "coordinates": [ -50.20601388888889, -29.981219166666666 ] } },
{ "type": "Feature", "properties": { "index": 769, "faixa_img": 34, "numero_img": 41, "nome_img": "MULTICAPTURA_7416_000041", "time_img": 1745441515, "long_img": -50.206055555555558, "lat_img": -29.981377777777777, "ele_img": 18.5 }, "geometry": { "type": "Point", "coordinates": [ -50.206055555555558, -29.981377777777777 ] } },
{ "type": "Feature", "properties": { "index": 770, "faixa_img": 34, "numero_img": 42, "nome_img": "MULTICAPTURA_7416_000042", "time_img": 1745441517, "long_img": -50.206091666666673, "lat_img": -29.981522222222221, "ele_img": 18.5 }, "geometry": { "type": "Point", "coordinates": [ -50.206091666666673, -29.981522222222221 ] } },
{ "type": "Feature", "properties": { "index": 771, "faixa_img": 34, "numero_img": 43, "nome_img": "MULTICAPTURA_7416_000043", "time_img": 1745441519, "long_img": -50.206125, "lat_img": -29.981647222222222, "ele_img": 18.4 }, "geometry": { "type": "Point", "coordinates": [ -50.206125, -29.981647222222222 ] } },
{ "type": "Feature", "properties": { "index": 773, "faixa_img": 34, "numero_img": 45, "nome_img": "MULTICAPTURA_7416_000045", "time_img": 1745441523, "long_img": -50.206161111111115, "lat_img": -29.981796944444444, "ele_img": 18.2 }, "geometry": { "type": "Point", "coordinates": [ -50.206161111111115, -29.981796944444444 ] } },
{ "type": "Feature", "properties": { "index": 775, "faixa_img": 34, "numero_img": 47, "nome_img": "MULTICAPTURA_7416_000047", "time_img": 1745441527, "long_img": -50.206177777777782, "lat_img": -29.981938888888887, "ele_img": 18.4 }, "geometry": { "type": "Point", "coordinates": [ -50.206177777777782, -29.981938888888887 ] } },
{ "type": "Feature", "properties": { "index": 777, "faixa_img": 36, "numero_img": 21, "nome_img": "MULTICAPTURA_7476_000021", "time_img": 1745442335, "long_img": -50.219902777777783, "lat_img": -29.985175, "ele_img": 12.8 }, "geometry": { "type": "Point", "coordinates": [ -50.219902777777783, -29.985175 ] } },
{ "type": "Feature", "properties": { "index": 779, "faixa_img": 36, "numero_img": 23, "nome_img": "MULTICAPTURA_7476_000023", "time_img": 1745442339, "long_img": -50.219783333333332, "lat_img": -29.985086111111112, "ele_img": 12.5 }, "geometry": { "type": "Point", "coordinates": [ -50.219783333333332, -29.985086111111112 ] } },
{ "type": "Feature", "properties": { "index": 780, "faixa_img": 36, "numero_img": 25, "nome_img": "MULTICAPTURA_7476_000025", "time_img": 1745442343, "long_img": -50.219652777777782, "lat_img": -29.984988888888889, "ele_img": 12.1 }, "geometry": { "type": "Point", "coordinates": [ -50.219652777777782, -29.984988888888889 ] } },
{ "type": "Feature", "properties": { "index": 782, "faixa_img": 36, "numero_img": 27, "nome_img": "MULTICAPTURA_7476_000027", "time_img": 1745442347, "long_img": -50.219527777777778, "lat_img": -29.984936111111111, "ele_img": 12.1 }, "geometry": { "type": "Point", "coordinates": [ -50.219527777777778, -29.984936111111111 ] } },
{ "type": "Feature", "properties": { "index": 784, "faixa_img": 36, "numero_img": 29, "nome_img": "MULTICAPTURA_7476_000029", "time_img": 1745442352, "long_img": -50.219397222222227, "lat_img": -29.98501388888889, "ele_img": 12.2 }, "geometry": { "type": "Point", "coordinates": [ -50.219397222222227, -29.98501388888889 ] } },
{ "type": "Feature", "properties": { "index": 786, "faixa_img": 36, "numero_img": 31, "nome_img": "MULTICAPTURA_7476_000031", "time_img": 1745442355, "long_img": -50.219233333333335, "lat_img": -29.98502777777778, "ele_img": 12.4 }, "geometry": { "type": "Point", "coordinates": [ -50.219233333333335, -29.98502777777778 ] } },
{ "type": "Feature", "properties": { "index": 788, "faixa_img": 36, "numero_img": 33, "nome_img": "MULTICAPTURA_7476_000033", "time_img": 1745442360, "long_img": -50.219144444444446, "lat_img": -29.984916666666667, "ele_img": 12.5 }, "geometry": { "type": "Point", "coordinates": [ -50.219144444444446, -29.984916666666667 ] } },
{ "type": "Feature", "properties": { "index": 790, "faixa_img": 36, "numero_img": 35, "nome_img": "MULTICAPTURA_7476_000035", "time_img": 1745442363, "long_img": -50.219227777777782, "lat_img": -29.9848, "ele_img": 12.2 }, "geometry": { "type": "Point", "coordinates": [ -50.219227777777782, -29.9848 ] } },
{ "type": "Feature", "properties": { "index": 791, "faixa_img": 36, "numero_img": 37, "nome_img": "MULTICAPTURA_7476_000037", "time_img": 1745442368, "long_img": -50.219411111111114, "lat_img": -29.984819444444444, "ele_img": 12.0 }, "geometry": { "type": "Point", "coordinates": [ -50.219411111111114, -29.984819444444444 ] } },
{ "type": "Feature", "properties": { "index": 793, "faixa_img": 38, "numero_img": 55, "nome_img": "MULTICAPTURA_7476_000055", "time_img": 1745442403, "long_img": -50.219752777777778, "lat_img": -29.985705555555558, "ele_img": 13.8 }, "geometry": { "type": "Point", "coordinates": [ -50.219752777777778, -29.985705555555558 ] } },
{ "type": "Feature", "properties": { "index": 795, "faixa_img": 38, "numero_img": 57, "nome_img": "MULTICAPTURA_7476_000057", "time_img": 1745442407, "long_img": -50.219633333333334, "lat_img": -29.985702777777778, "ele_img": 13.1 }, "geometry": { "type": "Point", "coordinates": [ -50.219633333333334, -29.985702777777778 ] } },
{ "type": "Feature", "properties": { "index": 797, "faixa_img": 38, "numero_img": 59, "nome_img": "MULTICAPTURA_7476_000059", "time_img": 1745442411, "long_img": -50.219483333333336, "lat_img": -29.98565, "ele_img": 12.7 }, "geometry": { "type": "Point", "coordinates": [ -50.219483333333336, -29.98565 ] } },
{ "type": "Feature", "properties": { "index": 798, "faixa_img": 38, "numero_img": 60, "nome_img": "MULTICAPTURA_7476_000060", "time_img": 1745442413, "long_img": -50.219386111111113, "lat_img": -29.9856, "ele_img": 12.6 }, "geometry": { "type": "Point", "coordinates": [ -50.219386111111113, -29.9856 ] } },
{ "type": "Feature", "properties": { "index": 799, "faixa_img": 38, "numero_img": 61, "nome_img": "MULTICAPTURA_7476_000061", "time_img": 1745442416, "long_img": -50.21929166666667, "lat_img": -29.985541666666666, "ele_img": 12.5 }, "geometry": { "type": "Point", "coordinates": [ -50.21929166666667, -29.985541666666666 ] } },
{ "type": "Feature", "properties": { "index": 800, "faixa_img": 38, "numero_img": 62, "nome_img": "MULTICAPTURA_7476_000062", "time_img": 1745442418, "long_img": -50.219205555555554, "lat_img": -29.985480555555558, "ele_img": 12.5 }, "geometry": { "type": "Point", "coordinates": [ -50.219205555555554, -29.985480555555558 ] } },
{ "type": "Feature", "properties": { "index": 802, "faixa_img": 38, "numero_img": 65, "nome_img": "MULTICAPTURA_7476_000065", "time_img": 1745442424, "long_img": -50.219011111111115, "lat_img": -29.985316666666666, "ele_img": 11.8 }, "geometry": { "type": "Point", "coordinates": [ -50.219011111111115, -29.985316666666666 ] } },
{ "type": "Feature", "properties": { "index": 803, "faixa_img": 38, "numero_img": 70, "nome_img": "MULTICAPTURA_7476_000070", "time_img": 1745442434, "long_img": -50.218975, "lat_img": -29.985222222222223, "ele_img": 11.7 }, "geometry": { "type": "Point", "coordinates": [ -50.218975, -29.985222222222223 ] } },
{ "type": "Feature", "properties": { "index": 805, "faixa_img": 38, "numero_img": 72, "nome_img": "MULTICAPTURA_7476_000072", "time_img": 1745442437, "long_img": -50.218972222222227, "lat_img": -29.985063888888888, "ele_img": 12.0 }, "geometry": { "type": "Point", "coordinates": [ -50.218972222222227, -29.985063888888888 ] } },
{ "type": "Feature", "properties": { "index": 807, "faixa_img": 38, "numero_img": 74, "nome_img": "MULTICAPTURA_7476_000074", "time_img": 1745442441, "long_img": -50.219019444444449, "lat_img": -29.984963888888888, "ele_img": 12.2 }, "geometry": { "type": "Point", "coordinates": [ -50.219019444444449, -29.984963888888888 ] } },
{ "type": "Feature", "properties": { "index": 808, "faixa_img": 39, "numero_img": 88, "nome_img": "MULTICAPTURA_7476_000088", "time_img": 1745442469, "long_img": -50.220019444444446, "lat_img": -29.985258333333334, "ele_img": 13.4 }, "geometry": { "type": "Point", "coordinates": [ -50.220019444444446, -29.985258333333334 ] } },
{ "type": "Feature", "properties": { "index": 809, "faixa_img": 39, "numero_img": 92, "nome_img": "MULTICAPTURA_7476_000092", "time_img": 1745442478, "long_img": -50.220216666666666, "lat_img": -29.985375, "ele_img": 13.7 }, "geometry": { "type": "Point", "coordinates": [ -50.220216666666666, -29.985375 ] } },
{ "type": "Feature", "properties": { "index": 810, "faixa_img": 39, "numero_img": 93, "nome_img": "MULTICAPTURA_7476_000093", "time_img": 1745442480, "long_img": -50.220308333333335, "lat_img": -29.9853, "ele_img": 13.6 }, "geometry": { "type": "Point", "coordinates": [ -50.220308333333335, -29.9853 ] } },
{ "type": "Feature", "properties": { "index": 811, "faixa_img": 40, "numero_img": 111, "nome_img": "MULTICAPTURA_7476_000111", "time_img": 1745442515, "long_img": -50.221775, "lat_img": -29.985138888888891, "ele_img": 13.0 }, "geometry": { "type": "Point", "coordinates": [ -50.221775, -29.985138888888891 ] } },
{ "type": "Feature", "properties": { "index": 812, "faixa_img": 40, "numero_img": 112, "nome_img": "MULTICAPTURA_7476_000112", "time_img": 1745442518, "long_img": -50.221683333333338, "lat_img": -29.985208333333333, "ele_img": 13.0 }, "geometry": { "type": "Point", "coordinates": [ -50.221683333333338, -29.985208333333333 ] } },
{ "type": "Feature", "properties": { "index": 813, "faixa_img": 40, "numero_img": 113, "nome_img": "MULTICAPTURA_7476_000113", "time_img": 1745442520, "long_img": -50.221561111111114, "lat_img": -29.985258333333334, "ele_img": 13.1 }, "geometry": { "type": "Point", "coordinates": [ -50.221561111111114, -29.985258333333334 ] } },
{ "type": "Feature", "properties": { "index": 817, "faixa_img": 44, "numero_img": 158, "nome_img": "MULTICAPTURA_7476_000158", "time_img": 1745442609, "long_img": -50.221111111111114, "lat_img": -29.987344444444446, "ele_img": 12.4 }, "geometry": { "type": "Point", "coordinates": [ -50.221111111111114, -29.987344444444446 ] } },
{ "type": "Feature", "properties": { "index": 818, "faixa_img": 44, "numero_img": 161, "nome_img": "MULTICAPTURA_7476_000161", "time_img": 1745442615, "long_img": -50.22125, "lat_img": -29.987613888888891, "ele_img": 11.9 }, "geometry": { "type": "Point", "coordinates": [ -50.22125, -29.987613888888891 ] } },
{ "type": "Feature", "properties": { "index": 819, "faixa_img": 44, "numero_img": 162, "nome_img": "MULTICAPTURA_7476_000162", "time_img": 1745442617, "long_img": -50.221122222222228, "lat_img": -29.987686111111113, "ele_img": 11.9 }, "geometry": { "type": "Point", "coordinates": [ -50.221122222222228, -29.987686111111113 ] } },
{ "type": "Feature", "properties": { "index": 820, "faixa_img": 44, "numero_img": 163, "nome_img": "MULTICAPTURA_7476_000163", "time_img": 1745442619, "long_img": -50.220955555555555, "lat_img": -29.987719444444444, "ele_img": 12.0 }, "geometry": { "type": "Point", "coordinates": [ -50.220955555555555, -29.987719444444444 ] } },
{ "type": "Feature", "properties": { "index": 821, "faixa_img": 45, "numero_img": 167, "nome_img": "MULTICAPTURA_7476_000167", "time_img": 1745442628, "long_img": -50.220269444444448, "lat_img": -29.987833333333334, "ele_img": 12.7 }, "geometry": { "type": "Point", "coordinates": [ -50.220269444444448, -29.987833333333334 ] } },
{ "type": "Feature", "properties": { "index": 822, "faixa_img": 45, "numero_img": 168, "nome_img": "MULTICAPTURA_7476_000168", "time_img": 1745442629, "long_img": -50.220113888888889, "lat_img": -29.987855555555555, "ele_img": 12.7 }, "geometry": { "type": "Point", "coordinates": [ -50.220113888888889, -29.987855555555555 ] } },
{ "type": "Feature", "properties": { "index": 823, "faixa_img": 45, "numero_img": 169, "nome_img": "MULTICAPTURA_7476_000169", "time_img": 1745442631, "long_img": -50.219947222222224, "lat_img": -29.987883333333333, "ele_img": 12.8 }, "geometry": { "type": "Point", "coordinates": [ -50.219947222222224, -29.987883333333333 ] } },
{ "type": "Feature", "properties": { "index": 824, "faixa_img": 45, "numero_img": 170, "nome_img": "MULTICAPTURA_7476_000170", "time_img": 1745442633, "long_img": -50.219780555555559, "lat_img": -29.98791388888889, "ele_img": 12.9 }, "geometry": { "type": "Point", "coordinates": [ -50.219780555555559, -29.98791388888889 ] } },
{ "type": "Feature", "properties": { "index": 825, "faixa_img": 45, "numero_img": 171, "nome_img": "MULTICAPTURA_7476_000171", "time_img": 1745442636, "long_img": -50.219616666666667, "lat_img": -29.987941666666668, "ele_img": 13.0 }, "geometry": { "type": "Point", "coordinates": [ -50.219616666666667, -29.987941666666668 ] } },
{ "type": "Feature", "properties": { "index": 826, "faixa_img": 46, "numero_img": 174, "nome_img": "MULTICAPTURA_7476_000174", "time_img": 1745442642, "long_img": -50.219147222222226, "lat_img": -29.988019444444447, "ele_img": 13.0 }, "geometry": { "type": "Point", "coordinates": [ -50.219147222222226, -29.988019444444447 ] } },
{ "type": "Feature", "properties": { "index": 827, "faixa_img": 46, "numero_img": 176, "nome_img": "MULTICAPTURA_7476_000176", "time_img": 1745442646, "long_img": -50.218822222222222, "lat_img": -29.988, "ele_img": 13.0 }, "geometry": { "type": "Point", "coordinates": [ -50.218822222222222, -29.988 ] } },
{ "type": "Feature", "properties": { "index": 828, "faixa_img": 46, "numero_img": 177, "nome_img": "MULTICAPTURA_7476_000177", "time_img": 1745442648, "long_img": -50.218669444444444, "lat_img": -29.98795, "ele_img": 12.9 }, "geometry": { "type": "Point", "coordinates": [ -50.218669444444444, -29.98795 ] } },
{ "type": "Feature", "properties": { "index": 829, "faixa_img": 46, "numero_img": 178, "nome_img": "MULTICAPTURA_7476_000178", "time_img": 1745442650, "long_img": -50.218513888888893, "lat_img": -29.987894444444446, "ele_img": 12.8 }, "geometry": { "type": "Point", "coordinates": [ -50.218513888888893, -29.987894444444446 ] } },
{ "type": "Feature", "properties": { "index": 830, "faixa_img": 46, "numero_img": 179, "nome_img": "MULTICAPTURA_7476_000179", "time_img": 1745442651, "long_img": -50.218375, "lat_img": -29.987838888888891, "ele_img": 12.8 }, "geometry": { "type": "Point", "coordinates": [ -50.218375, -29.987838888888891 ] } },
{ "type": "Feature", "properties": { "index": 831, "faixa_img": 46, "numero_img": 180, "nome_img": "MULTICAPTURA_7476_000180", "time_img": 1745442654, "long_img": -50.21821388888889, "lat_img": -29.987777777777779, "ele_img": 12.8 }, "geometry": { "type": "Point", "coordinates": [ -50.21821388888889, -29.987777777777779 ] } },
{ "type": "Feature", "properties": { "index": 832, "faixa_img": 46, "numero_img": 181, "nome_img": "MULTICAPTURA_7476_000181", "time_img": 1745442656, "long_img": -50.218066666666665, "lat_img": -29.987716666666667, "ele_img": 12.7 }, "geometry": { "type": "Point", "coordinates": [ -50.218066666666665, -29.987716666666667 ] } },
{ "type": "Feature", "properties": { "index": 833, "faixa_img": 46, "numero_img": 182, "nome_img": "MULTICAPTURA_7476_000182", "time_img": 1745442658, "long_img": -50.217916666666667, "lat_img": -29.987658333333336, "ele_img": 12.7 }, "geometry": { "type": "Point", "coordinates": [ -50.217916666666667, -29.987658333333336 ] } },
{ "type": "Feature", "properties": { "index": 834, "faixa_img": 47, "numero_img": 8, "nome_img": "MULTICAPTURA_7678_000008", "time_img": 1745443407, "long_img": -50.208419444444445, "lat_img": -29.985975, "ele_img": 14.0 }, "geometry": { "type": "Point", "coordinates": [ -50.208419444444445, -29.985975 ] } },
{ "type": "Feature", "properties": { "index": 836, "faixa_img": 47, "numero_img": 10, "nome_img": "MULTICAPTURA_7678_000010", "time_img": 1745443411, "long_img": -50.208602777777777, "lat_img": -29.986052777777779, "ele_img": 14.2 }, "geometry": { "type": "Point", "coordinates": [ -50.208602777777777, -29.986052777777779 ] } },
{ "type": "Feature", "properties": { "index": 837, "faixa_img": 47, "numero_img": 11, "nome_img": "MULTICAPTURA_7678_000011", "time_img": 1745443413, "long_img": -50.208697222222227, "lat_img": -29.986097222222224, "ele_img": 13.9 }, "geometry": { "type": "Point", "coordinates": [ -50.208697222222227, -29.986097222222224 ] } },
{ "type": "Feature", "properties": { "index": 838, "faixa_img": 47, "numero_img": 12, "nome_img": "MULTICAPTURA_7678_000012", "time_img": 1745443415, "long_img": -50.208808333333337, "lat_img": -29.986152777777779, "ele_img": 13.6 }, "geometry": { "type": "Point", "coordinates": [ -50.208808333333337, -29.986152777777779 ] } },
{ "type": "Feature", "properties": { "index": 839, "faixa_img": 47, "numero_img": 14, "nome_img": "MULTICAPTURA_7678_000014", "time_img": 1745443419, "long_img": -50.20905, "lat_img": -29.986255555555555, "ele_img": 13.6 }, "geometry": { "type": "Point", "coordinates": [ -50.20905, -29.986255555555555 ] } },
{ "type": "Feature", "properties": { "index": 840, "faixa_img": 47, "numero_img": 15, "nome_img": "MULTICAPTURA_7678_000015", "time_img": 1745443421, "long_img": -50.209161111111115, "lat_img": -29.986297222222223, "ele_img": 13.3 }, "geometry": { "type": "Point", "coordinates": [ -50.209161111111115, -29.986297222222223 ] } },
{ "type": "Feature", "properties": { "index": 841, "faixa_img": 47, "numero_img": 16, "nome_img": "MULTICAPTURA_7678_000016", "time_img": 1745443423, "long_img": -50.209288888888892, "lat_img": -29.98635, "ele_img": 13.2 }, "geometry": { "type": "Point", "coordinates": [ -50.209288888888892, -29.98635 ] } },
{ "type": "Feature", "properties": { "index": 842, "faixa_img": 47, "numero_img": 17, "nome_img": "MULTICAPTURA_7678_000017", "time_img": 1745443425, "long_img": -50.209405555555556, "lat_img": -29.98640277777778, "ele_img": 13.0 }, "geometry": { "type": "Point", "coordinates": [ -50.209405555555556, -29.98640277777778 ] } },
{ "type": "Feature", "properties": { "index": 843, "faixa_img": 47, "numero_img": 18, "nome_img": "MULTICAPTURA_7678_000018", "time_img": 1745443427, "long_img": -50.209511111111112, "lat_img": -29.986447222222225, "ele_img": 12.9 }, "geometry": { "type": "Point", "coordinates": [ -50.209511111111112, -29.986447222222225 ] } },
{ "type": "Feature", "properties": { "index": 844, "faixa_img": 47, "numero_img": 19, "nome_img": "MULTICAPTURA_7678_000019", "time_img": 1745443429, "long_img": -50.209605555555555, "lat_img": -29.986483333333336, "ele_img": 12.7 }, "geometry": { "type": "Point", "coordinates": [ -50.209605555555555, -29.986483333333336 ] } },
{ "type": "Feature", "properties": { "index": 845, "faixa_img": 47, "numero_img": 20, "nome_img": "MULTICAPTURA_7678_000020", "time_img": 1745443431, "long_img": -50.209697222222225, "lat_img": -29.986536111111111, "ele_img": 12.4 }, "geometry": { "type": "Point", "coordinates": [ -50.209697222222225, -29.986536111111111 ] } },
{ "type": "Feature", "properties": { "index": 846, "faixa_img": 47, "numero_img": 21, "nome_img": "MULTICAPTURA_7678_000021", "time_img": 1745443433, "long_img": -50.209777777777781, "lat_img": -29.986602777777779, "ele_img": 12.2 }, "geometry": { "type": "Point", "coordinates": [ -50.209777777777781, -29.986602777777779 ] } },
{ "type": "Feature", "properties": { "index": 847, "faixa_img": 47, "numero_img": 28, "nome_img": "MULTICAPTURA_7678_000028", "time_img": 1745443447, "long_img": -50.209905555555558, "lat_img": -29.986697222222222, "ele_img": 13.3 }, "geometry": { "type": "Point", "coordinates": [ -50.209905555555558, -29.986697222222222 ] } },
{ "type": "Feature", "properties": { "index": 848, "faixa_img": 48, "numero_img": 54, "nome_img": "MULTICAPTURA_7678_000054", "time_img": 1745443499, "long_img": -50.208316666666668, "lat_img": -29.985986111111114, "ele_img": 11.7 }, "geometry": { "type": "Point", "coordinates": [ -50.208316666666668, -29.985986111111114 ] } },
{ "type": "Feature", "properties": { "index": 850, "faixa_img": 48, "numero_img": 56, "nome_img": "MULTICAPTURA_7678_000056", "time_img": 1745443503, "long_img": -50.20825277777778, "lat_img": -29.986086111111113, "ele_img": 12.3 }, "geometry": { "type": "Point", "coordinates": [ -50.20825277777778, -29.986086111111113 ] } },
{ "type": "Feature", "properties": { "index": 852, "faixa_img": 48, "numero_img": 58, "nome_img": "MULTICAPTURA_7678_000058", "time_img": 1745443507, "long_img": -50.208158333333337, "lat_img": -29.986213888888891, "ele_img": 12.9 }, "geometry": { "type": "Point", "coordinates": [ -50.208158333333337, -29.986213888888891 ] } },
{ "type": "Feature", "properties": { "index": 854, "faixa_img": 48, "numero_img": 60, "nome_img": "MULTICAPTURA_7678_000060", "time_img": 1745443511, "long_img": -50.207991666666672, "lat_img": -29.986225, "ele_img": 13.2 }, "geometry": { "type": "Point", "coordinates": [ -50.207991666666672, -29.986225 ] } },
{ "type": "Feature", "properties": { "index": 856, "faixa_img": 48, "numero_img": 62, "nome_img": "MULTICAPTURA_7678_000062", "time_img": 1745443515, "long_img": -50.207822222222227, "lat_img": -29.986180555555556, "ele_img": 13.1 }, "geometry": { "type": "Point", "coordinates": [ -50.207822222222227, -29.986180555555556 ] } },
{ "type": "Feature", "properties": { "index": 858, "faixa_img": 48, "numero_img": 64, "nome_img": "MULTICAPTURA_7678_000064", "time_img": 1745443519, "long_img": -50.207669444444448, "lat_img": -29.986269444444446, "ele_img": 13.2 }, "geometry": { "type": "Point", "coordinates": [ -50.207669444444448, -29.986269444444446 ] } },
{ "type": "Feature", "properties": { "index": 860, "faixa_img": 48, "numero_img": 66, "nome_img": "MULTICAPTURA_7678_000066", "time_img": 1745443523, "long_img": -50.207469444444449, "lat_img": -29.986236111111111, "ele_img": 13.4 }, "geometry": { "type": "Point", "coordinates": [ -50.207469444444449, -29.986236111111111 ] } },
{ "type": "Feature", "properties": { "index": 862, "faixa_img": 48, "numero_img": 68, "nome_img": "MULTICAPTURA_7678_000068", "time_img": 1745443527, "long_img": -50.20728888888889, "lat_img": -29.98625, "ele_img": 13.5 }, "geometry": { "type": "Point", "coordinates": [ -50.20728888888889, -29.98625 ] } },
{ "type": "Feature", "properties": { "index": 864, "faixa_img": 48, "numero_img": 70, "nome_img": "MULTICAPTURA_7678_000070", "time_img": 1745443531, "long_img": -50.207122222222225, "lat_img": -29.986191666666667, "ele_img": 13.8 }, "geometry": { "type": "Point", "coordinates": [ -50.207122222222225, -29.986191666666667 ] } },
{ "type": "Feature", "properties": { "index": 866, "faixa_img": 48, "numero_img": 72, "nome_img": "MULTICAPTURA_7678_000072", "time_img": 1745443535, "long_img": -50.207013888888895, "lat_img": -29.986080555555557, "ele_img": 13.9 }, "geometry": { "type": "Point", "coordinates": [ -50.207013888888895, -29.986080555555557 ] } },
{ "type": "Feature", "properties": { "index": 868, "faixa_img": 48, "numero_img": 74, "nome_img": "MULTICAPTURA_7678_000074", "time_img": 1745443539, "long_img": -50.20708888888889, "lat_img": -29.985961111111113, "ele_img": 14.0 }, "geometry": { "type": "Point", "coordinates": [ -50.20708888888889, -29.985961111111113 ] } },
{ "type": "Feature", "properties": { "index": 869, "faixa_img": 48, "numero_img": 75, "nome_img": "MULTICAPTURA_7678_000075", "time_img": 1745443541, "long_img": -50.207213888888894, "lat_img": -29.985930555555555, "ele_img": 14.1 }, "geometry": { "type": "Point", "coordinates": [ -50.207213888888894, -29.985930555555555 ] } },
{ "type": "Feature", "properties": { "index": 870, "faixa_img": 48, "numero_img": 76, "nome_img": "MULTICAPTURA_7678_000076", "time_img": 1745443543, "long_img": -50.20735, "lat_img": -29.985905555555558, "ele_img": 14.1 }, "geometry": { "type": "Point", "coordinates": [ -50.20735, -29.985905555555558 ] } }
]
}
